#
# There is insufficient memory for the Java Runtime Environment to continue.
# Native memory allocation (malloc) failed to allocate 1578560 bytes for Chunk::new
# Possible reasons:
#   The system is out of physical RAM or swap space
#   The process is running with CompressedOops enabled, and the Java Heap may be blocking the growth of the native heap
# Possible solutions:
#   Reduce memory load on the system
#   Increase physical memory or swap space
#   Check if swap backing store is full
#   Decrease Java heap size (-Xmx/-Xms)
#   Decrease number of Java threads
#   Decrease Java thread stack sizes (-Xss)
#   Set larger code cache with -XX:ReservedCodeCacheSize=
#   JVM is running with Unscaled Compressed Oops mode in which the Java heap is
#     placed in the first 4GB address space. The Java Heap base address is the
#     maximum limit for the native heap growth. Please use -XX:HeapBaseMinAddress
#     to set the Java Heap base and to place the Java Heap above 4GB virtual address.
# This output file may be truncated or incomplete.
#
#  Out of Memory Error (arena.cpp:168), pid=5016, tid=2944
#
# JRE version: Java(TM) SE Runtime Environment (21.0.8+12) (build 21.0.8+12-LTS-250)
# Java VM: Java HotSpot(TM) 64-Bit Server VM (21.0.8+12-LTS-250, mixed mode, sharing, tiered, compressed oops, compressed class ptrs, g1 gc, windows-amd64)
# No core dump will be written. Minidumps are not enabled by default on client versions of Windows
#

---------------  S U M M A R Y ------------

Command Line: --add-opens=java.base/java.lang=ALL-UNNAMED --add-opens=java.base/java.lang.invoke=ALL-UNNAMED --add-opens=java.base/java.util=ALL-UNNAMED --add-opens=java.prefs/java.util.prefs=ALL-UNNAMED --add-exports=jdk.compiler/com.sun.tools.javac.api=ALL-UNNAMED --add-exports=jdk.compiler/com.sun.tools.javac.util=ALL-UNNAMED --add-opens=java.base/java.util=ALL-UNNAMED --add-opens=java.prefs/java.util.prefs=ALL-UNNAMED --add-opens=java.base/java.nio.charset=ALL-UNNAMED --add-opens=java.base/java.net=ALL-UNNAMED --add-opens=java.base/java.util.concurrent=ALL-UNNAMED --add-opens=java.base/java.util.concurrent.atomic=ALL-UNNAMED --add-opens=java.xml/javax.xml.namespace=ALL-UNNAMED --add-opens=java.base/java.time=ALL-UNNAMED -Xmx2048m -Dfile.encoding=UTF-8 -Duser.country=US -Duser.language=en -Duser.variant -javaagent:C:\Users\Elsobky\.gradle\wrapper\dists\gradle-9.2.1-bin\2t0n5ozlw9xmuyvbp7dnzaxug\gradle-9.2.1\lib\agents\gradle-instrumentation-agent-9.2.1.jar org.gradle.launcher.daemon.bootstrap.GradleDaemon 9.2.1

Host: AMD Ryzen 7 4800H with Radeon Graphics         , 16 cores, 15G,  Windows 11 , 64 bit Build 26100 (10.0.26100.7961)
Time: Tue Mar 17 01:47:51 2026 Egypt Standard Time elapsed time: 50.463729 seconds (0d 0h 0m 50s)

---------------  T H R E A D  ---------------

Current thread (0x000002045daa7950):  JavaThread "C2 CompilerThread0" daemon [_thread_in_native, id=2944, stack(0x000000a523200000,0x000000a523300000) (1024K)]


Current CompileTask:
C2:  50463 33849 %     4       com.android.tools.r8.dex.y::a @ 293 (1018 bytes)

Stack: [0x000000a523200000,0x000000a523300000]
Native frames: (J=compiled Java code, j=interpreted, Vv=VM code, C=native code)
V  [jvm.dll+0x6cc179]
V  [jvm.dll+0x8584c1]
V  [jvm.dll+0x85a9ee]
V  [jvm.dll+0x85b0c3]
V  [jvm.dll+0x27ebf6]
V  [jvm.dll+0xc4f4d]
V  [jvm.dll+0xc5483]
V  [jvm.dll+0x3b6abc]
V  [jvm.dll+0x1e0559]
V  [jvm.dll+0x2477c2]
V  [jvm.dll+0x246c4f]
V  [jvm.dll+0x1c7a3e]
V  [jvm.dll+0x256359]
V  [jvm.dll+0x2548ea]
V  [jvm.dll+0x3efef6]
V  [jvm.dll+0x80279b]
V  [jvm.dll+0x6ca85d]
C  [ucrtbase.dll+0x37b0]
C  [KERNEL32.DLL+0x2e8d7]
C  [ntdll.dll+0x8c40c]


---------------  P R O C E S S  ---------------

Threads class SMR info:
_java_thread_list=0x00000204a9c1f010, length=248, elements={
0x000002043e36be30, 0x000002045da98570, 0x000002045da9abe0, 0x000002045da9b950,
0x000002045da9c6a0, 0x000002045da9ded0, 0x000002045daa2b00, 0x000002045daa7950,
0x000002045daa81b0, 0x000002045dd1d500, 0x000002045de03b70, 0x00000204a48f8e00,
0x00000204a4ab4cf0, 0x00000204a4793d20, 0x00000204a4a3d8b0, 0x00000204a4a3c500,
0x00000204a4a3e5d0, 0x00000204a4a3cb90, 0x00000204a4a3ec60, 0x00000204a4a3d220,
0x00000204a4a3df40, 0x00000204a4a3f2f0, 0x00000204a4a3be70, 0x00000204a6321fe0,
0x00000204a6321950, 0x00000204a6323390, 0x00000204a6323a20, 0x00000204a6322670,
0x00000204a6322d00, 0x00000204a63205a0, 0x00000204a63240b0, 0x00000204a63212c0,
0x00000204a6320c30, 0x00000204a6324740, 0x00000204a6326ea0, 0x00000204a6325460,
0x00000204a6324dd0, 0x00000204a6327530, 0x00000204a6327bc0, 0x00000204a6325af0,
0x00000204a6326180, 0x000002045de4f670, 0x000002045de52460, 0x000002045de50390,
0x000002045de510b0, 0x000002045de51dd0, 0x000002045de50a20, 0x000002045de4fd00,
0x000002045de51740, 0x000002045de4efe0, 0x000002045de54bc0, 0x000002045de55250,
0x000002045de54530, 0x000002045de53810, 0x000002045de558e0, 0x000002045de52af0,
0x000002045de53ea0, 0x000002045de55f70, 0x000002045de56600, 0x000002045de53180,
0x00000204a84675f0, 0x00000204a8466240, 0x00000204a84668d0, 0x00000204a8467c80,
0x00000204a8465520, 0x00000204a8468310, 0x00000204a8469030, 0x00000204a84689a0,
0x00000204a8466f60, 0x00000204a8465bb0, 0x00000204a846be20, 0x00000204a846b790,
0x00000204a846b100, 0x00000204a846c4b0, 0x00000204a846cb40, 0x00000204a84696c0,
0x00000204a8469d50, 0x00000204a846a3e0, 0x00000204a846aa70, 0x00000204a94ba5b0,
0x00000204a9b85e20, 0x00000204a9b85790, 0x00000204c9182c40, 0x00000204c91832d0,
0x00000204c9181890, 0x00000204c9181f20, 0x00000204c917fe50, 0x00000204c9183960,
0x00000204c9183ff0, 0x00000204c9184680, 0x00000204c9181200, 0x00000204c9184d10,
0x00000204c91853a0, 0x00000204c9186750, 0x00000204c9187470, 0x00000204c9185a30,
0x00000204c91860c0, 0x00000204c9186de0, 0x00000204ab5a6dd0, 0x00000204ab5a4d00,
0x00000204ab5a60b0, 0x00000204ab5a5a20, 0x00000204ab5a8810, 0x00000204ca7d48b0,
0x00000204ca7d76a0, 0x00000204ca7d9e00, 0x00000204ca7d7010, 0x00000204ca7dab20,
0x00000204ca7dcbf0, 0x00000204ca7dc560, 0x00000204ca7de630, 0x00000204ca7db1b0,
0x00000204ca7decc0, 0x00000204ca7e1420, 0x00000204ca7df350, 0x00000204ca7df9e0,
0x00000204ca7e0070, 0x00000204ca7e0700, 0x00000204ca370300, 0x00000204ca36cc80,
0x00000204ca7d27e0, 0x00000204ca7d3b90, 0x00000204ca36d350, 0x00000204ca7d55d0,
0x00000204ca7d4f40, 0x00000204ca7d2e70, 0x00000204ca7d4220, 0x00000204ca7d83c0,
0x00000204ca7d8a50, 0x00000204ca7d7d30, 0x00000204ca7d9770, 0x00000204ca7d90e0,
0x00000204ca7db840, 0x00000204ca7dd910, 0x00000204ca7ddfa0, 0x00000204ca7dbed0,
0x00000204ca7dd280, 0x00000204cae2a090, 0x00000204ca36e7c0, 0x00000204cae31020,
0x00000204cae2e8c0, 0x00000204cae2e230, 0x00000204cae2dba0, 0x00000204cae2fc70,
0x00000204cae2ef50, 0x00000204cae30300, 0x00000204cae323d0, 0x00000204cae316b0,
0x00000204cae2f5e0, 0x00000204cae30990, 0x00000204cae31d40, 0x00000204a9b84a70,
0x00000204a9b83d50, 0x00000204a9b8ace0, 0x00000204a9b87860, 0x00000204a9b89930,
0x00000204a9b8b370, 0x00000204a9b87ef0, 0x00000204a9b88580, 0x00000204a3d645a0,
0x00000204a3d63f10, 0x00000204a3d64c30, 0x00000204a3d652c0, 0x00000204a3d65950,
0x00000204ab5aa8e0, 0x00000204ab5a9bc0, 0x00000204ab5aaf70, 0x00000204ab5a8180,
0x00000204ab5a8ea0, 0x00000204a9739e70, 0x00000204a9740770, 0x00000204ca7d3500,
0x00000204ca7da490, 0x00000204caa2b150, 0x00000204caa2be70, 0x00000204caa29080,
0x00000204caa2c500, 0x00000204caa2cb90, 0x00000204caa2b7e0, 0x00000204caa29710,
0x00000204caa2d220, 0x00000204caa29da0, 0x00000204caa2d8b0, 0x00000204caa2a430,
0x00000204caa2aac0, 0x00000204caa2f2f0, 0x00000204caa306a0, 0x00000204caa30d30,
0x00000204caa313c0, 0x00000204caa2ec60, 0x00000204caa2e5d0, 0x00000204caa2f980,
0x00000204caa2df40, 0x00000204caa33490, 0x00000204caa31a50, 0x00000204caa30010,
0x00000204caa33b20, 0x00000204caa32770, 0x00000204caa341b0, 0x00000204caa32e00,
0x00000204caa320e0, 0x00000204caa34840, 0x00000204caa36fa0, 0x00000204caa37630,
0x00000204caa35560, 0x00000204caa34ed0, 0x00000204caa35bf0, 0x00000204caa36910,
0x00000204caa37cc0, 0x00000204caa38350, 0x00000204c9244920, 0x00000204c9244fb0,
0x00000204c9243c00, 0x00000204c92421c0, 0x00000204c9244290, 0x00000204c9245640,
0x00000204c9245cd0, 0x00000204c9242850, 0x00000204c9246360, 0x00000204c9242ee0,
0x00000204c92469f0, 0x00000204c9247da0, 0x00000204ca373980, 0x00000204a524d4a0,
0x00000204a524a020, 0x00000204ac32cee0, 0x00000204a5250fb0, 0x00000204a524fc00,
0x00000204a524b3d0, 0x00000204a524a6b0, 0x00000204ac337980, 0x00000204ac3386a0,
0x00000204c987dee0, 0x00000204c987e570, 0x00000204bbe53f30, 0x00000204c987d1c0,
0x00000204bb8d6e10, 0x00000204c9dde5c0, 0x00000204bbe51df0, 0x00000204bb8d74a0,
0x00000204bb8d7b30, 0x00000204c007b290, 0x00000204bbe51760, 0x00000204b95870c0,
0x00000204cc0ad200, 0x00000204c987d850, 0x00000204ca1cb020, 0x00000204cc209f20
}

Java Threads: ( => current thread )
  0x000002043e36be30 JavaThread "main"                              [_thread_blocked, id=14088, stack(0x000000a522400000,0x000000a522500000) (1024K)]
  0x000002045da98570 JavaThread "Reference Handler"          daemon [_thread_blocked, id=18120, stack(0x000000a522c00000,0x000000a522d00000) (1024K)]
  0x000002045da9abe0 JavaThread "Finalizer"                  daemon [_thread_blocked, id=17040, stack(0x000000a522d00000,0x000000a522e00000) (1024K)]
  0x000002045da9b950 JavaThread "Signal Dispatcher"          daemon [_thread_blocked, id=27236, stack(0x000000a522e00000,0x000000a522f00000) (1024K)]
  0x000002045da9c6a0 JavaThread "Attach Listener"            daemon [_thread_blocked, id=17176, stack(0x000000a522f00000,0x000000a523000000) (1024K)]
  0x000002045da9ded0 JavaThread "Service Thread"             daemon [_thread_blocked, id=22412, stack(0x000000a523000000,0x000000a523100000) (1024K)]
  0x000002045daa2b00 JavaThread "Monitor Deflation Thread"   daemon [_thread_blocked, id=18488, stack(0x000000a523100000,0x000000a523200000) (1024K)]
=>0x000002045daa7950 JavaThread "C2 CompilerThread0"         daemon [_thread_in_native, id=2944, stack(0x000000a523200000,0x000000a523300000) (1024K)]
  0x000002045daa81b0 JavaThread "C1 CompilerThread0"         daemon [_thread_in_native, id=10512, stack(0x000000a523300000,0x000000a523400000) (1024K)]
  0x000002045dd1d500 JavaThread "Common-Cleaner"             daemon [_thread_blocked, id=8312, stack(0x000000a523500000,0x000000a523600000) (1024K)]
  0x000002045de03b70 JavaThread "Notification Thread"        daemon [_thread_blocked, id=15076, stack(0x000000a523600000,0x000000a523700000) (1024K)]
  0x00000204a48f8e00 JavaThread "Daemon health stats"               [_thread_blocked, id=12252, stack(0x000000a523800000,0x000000a523900000) (1024K)]
  0x00000204a4ab4cf0 JavaThread "Incoming local TCP Connector on port 25016"        [_thread_in_native, id=17688, stack(0x000000a523d00000,0x000000a523e00000) (1024K)]
  0x00000204a4793d20 JavaThread "Daemon periodic checks"            [_thread_blocked, id=5180, stack(0x000000a524100000,0x000000a524200000) (1024K)]
  0x00000204a4a3d8b0 JavaThread "Daemon"                            [_thread_blocked, id=21984, stack(0x000000a524200000,0x000000a524300000) (1024K)]
  0x00000204a4a3c500 JavaThread "Handler for socket connection from /127.0.0.1:25016 to /127.0.0.1:25017"        [_thread_in_native, id=24684, stack(0x000000a524300000,0x000000a524400000) (1024K)]
  0x00000204a4a3e5d0 JavaThread "Cancel handler"                    [_thread_blocked, id=24880, stack(0x000000a524400000,0x000000a524500000) (1024K)]
  0x00000204a4a3cb90 JavaThread "Daemon worker"                     [_thread_blocked, id=26348, stack(0x000000a524500000,0x000000a524600000) (1024K)]
  0x00000204a4a3ec60 JavaThread "Asynchronous log dispatcher for DefaultDaemonConnection: socket connection from /127.0.0.1:25016 to /127.0.0.1:25017"        [_thread_blocked, id=25976, stack(0x000000a524600000,0x000000a524700000) (1024K)]
  0x00000204a4a3d220 JavaThread "Stdin handler"                     [_thread_blocked, id=3776, stack(0x000000a524700000,0x000000a524800000) (1024K)]
  0x00000204a4a3df40 JavaThread "Daemon client event forwarder"        [_thread_blocked, id=22948, stack(0x000000a524800000,0x000000a524900000) (1024K)]
  0x00000204a4a3f2f0 JavaThread "Cache worker for journal cache (C:\Users\Elsobky\.gradle\caches\journal-1)"        [_thread_blocked, id=16300, stack(0x000000a524000000,0x000000a524100000) (1024K)]
  0x00000204a4a3be70 JavaThread "File lock request listener"        [_thread_in_native, id=17432, stack(0x000000a524900000,0x000000a524a00000) (1024K)]
  0x00000204a6321fe0 JavaThread "Cache worker for file hash cache (C:\Users\Elsobky\.gradle\caches\9.2.1\fileHashes)"        [_thread_blocked, id=17960, stack(0x000000a524a00000,0x000000a524b00000) (1024K)]
  0x00000204a6321950 JavaThread "Cache worker for file hash cache (D:\ITI\Courses\Android (Kotlin)\FinalProject\.gradle\9.2.1\fileHashes)"        [_thread_blocked, id=24020, stack(0x000000a525600000,0x000000a525700000) (1024K)]
  0x00000204a6323390 JavaThread "Cache worker for Build Output Cleanup Cache (D:\ITI\Courses\Android (Kotlin)\FinalProject\.gradle\buildOutputCleanup)"        [_thread_blocked, id=16812, stack(0x000000a524b00000,0x000000a524c00000) (1024K)]
  0x00000204a6323a20 JavaThread "File watcher server"        daemon [_thread_in_native, id=27280, stack(0x000000a525700000,0x000000a525800000) (1024K)]
  0x00000204a6322670 JavaThread "File watcher consumer"      daemon [_thread_blocked, id=20144, stack(0x000000a525800000,0x000000a525900000) (1024K)]
  0x00000204a6322d00 JavaThread "Cache worker for checksums cache (D:\ITI\Courses\Android (Kotlin)\FinalProject\.gradle\9.2.1\checksums)"        [_thread_blocked, id=23996, stack(0x000000a525900000,0x000000a525a00000) (1024K)]
  0x00000204a63205a0 JavaThread "Cache worker for file content cache (C:\Users\Elsobky\.gradle\caches\9.2.1\fileContent)"        [_thread_blocked, id=27728, stack(0x000000a525a00000,0x000000a525b00000) (1024K)]
  0x00000204a63240b0 JavaThread "Cache worker for cache directory md-supplier (C:\Users\Elsobky\.gradle\caches\9.2.1\md-supplier)"        [_thread_blocked, id=9024, stack(0x000000a525b00000,0x000000a525c00000) (1024K)]
  0x00000204a63212c0 JavaThread "Cache worker for cache directory md-rule (C:\Users\Elsobky\.gradle\caches\9.2.1\md-rule)"        [_thread_blocked, id=16916, stack(0x000000a525c00000,0x000000a525d00000) (1024K)]
  0x00000204a6320c30 JavaThread "Unconstrained build operations"        [_thread_blocked, id=29436, stack(0x000000a525f00000,0x000000a526000000) (1024K)]
  0x00000204a6324740 JavaThread "Unconstrained build operations Thread 2"        [_thread_blocked, id=13416, stack(0x000000a526000000,0x000000a526100000) (1024K)]
  0x00000204a6326ea0 JavaThread "Unconstrained build operations Thread 3"        [_thread_blocked, id=19164, stack(0x000000a526100000,0x000000a526200000) (1024K)]
  0x00000204a6325460 JavaThread "Unconstrained build operations Thread 4"        [_thread_blocked, id=25688, stack(0x000000a526200000,0x000000a526300000) (1024K)]
  0x00000204a6324dd0 JavaThread "Unconstrained build operations Thread 5"        [_thread_blocked, id=9700, stack(0x000000a526300000,0x000000a526400000) (1024K)]
  0x00000204a6327530 JavaThread "Unconstrained build operations Thread 6"        [_thread_blocked, id=5764, stack(0x000000a526400000,0x000000a526500000) (1024K)]
  0x00000204a6327bc0 JavaThread "Unconstrained build operations Thread 7"        [_thread_blocked, id=21000, stack(0x000000a526500000,0x000000a526600000) (1024K)]
  0x00000204a6325af0 JavaThread "Unconstrained build operations Thread 8"        [_thread_blocked, id=4040, stack(0x000000a526600000,0x000000a526700000) (1024K)]
  0x00000204a6326180 JavaThread "Unconstrained build operations Thread 9"        [_thread_blocked, id=14640, stack(0x000000a526700000,0x000000a526800000) (1024K)]
  0x000002045de4f670 JavaThread "Unconstrained build operations Thread 10"        [_thread_blocked, id=13656, stack(0x000000a526800000,0x000000a526900000) (1024K)]
  0x000002045de52460 JavaThread "Unconstrained build operations Thread 11"        [_thread_blocked, id=17952, stack(0x000000a526900000,0x000000a526a00000) (1024K)]
  0x000002045de50390 JavaThread "Unconstrained build operations Thread 12"        [_thread_blocked, id=14648, stack(0x000000a526a00000,0x000000a526b00000) (1024K)]
  0x000002045de510b0 JavaThread "Unconstrained build operations Thread 13"        [_thread_blocked, id=11736, stack(0x000000a526b00000,0x000000a526c00000) (1024K)]
  0x000002045de51dd0 JavaThread "Unconstrained build operations Thread 14"        [_thread_blocked, id=26500, stack(0x000000a526c00000,0x000000a526d00000) (1024K)]
  0x000002045de50a20 JavaThread "Unconstrained build operations Thread 15"        [_thread_blocked, id=22212, stack(0x000000a526d00000,0x000000a526e00000) (1024K)]
  0x000002045de4fd00 JavaThread "Unconstrained build operations Thread 16"        [_thread_blocked, id=25340, stack(0x000000a526e00000,0x000000a526f00000) (1024K)]
  0x000002045de51740 JavaThread "Unconstrained build operations Thread 17"        [_thread_blocked, id=21372, stack(0x000000a526f00000,0x000000a527000000) (1024K)]
  0x000002045de4efe0 JavaThread "Unconstrained build operations Thread 18"        [_thread_blocked, id=25116, stack(0x000000a527000000,0x000000a527100000) (1024K)]
  0x000002045de54bc0 JavaThread "Unconstrained build operations Thread 19"        [_thread_blocked, id=25560, stack(0x000000a527100000,0x000000a527200000) (1024K)]
  0x000002045de55250 JavaThread "Unconstrained build operations Thread 20"        [_thread_blocked, id=24548, stack(0x000000a527200000,0x000000a527300000) (1024K)]
  0x000002045de54530 JavaThread "Unconstrained build operations Thread 21"        [_thread_blocked, id=1908, stack(0x000000a527300000,0x000000a527400000) (1024K)]
  0x000002045de53810 JavaThread "Unconstrained build operations Thread 22"        [_thread_blocked, id=29444, stack(0x000000a527400000,0x000000a527500000) (1024K)]
  0x000002045de558e0 JavaThread "Unconstrained build operations Thread 23"        [_thread_blocked, id=28844, stack(0x000000a527500000,0x000000a527600000) (1024K)]
  0x000002045de52af0 JavaThread "Unconstrained build operations Thread 24"        [_thread_blocked, id=19876, stack(0x000000a527600000,0x000000a527700000) (1024K)]
  0x000002045de53ea0 JavaThread "Unconstrained build operations Thread 25"        [_thread_blocked, id=13176, stack(0x000000a527700000,0x000000a527800000) (1024K)]
  0x000002045de55f70 JavaThread "Unconstrained build operations Thread 26"        [_thread_blocked, id=21296, stack(0x000000a527800000,0x000000a527900000) (1024K)]
  0x000002045de56600 JavaThread "Unconstrained build operations Thread 27"        [_thread_blocked, id=28152, stack(0x000000a527900000,0x000000a527a00000) (1024K)]
  0x000002045de53180 JavaThread "Unconstrained build operations Thread 28"        [_thread_blocked, id=18008, stack(0x000000a527a00000,0x000000a527b00000) (1024K)]
  0x00000204a84675f0 JavaThread "Unconstrained build operations Thread 29"        [_thread_blocked, id=4984, stack(0x000000a527b00000,0x000000a527c00000) (1024K)]
  0x00000204a8466240 JavaThread "Unconstrained build operations Thread 30"        [_thread_blocked, id=7676, stack(0x000000a527c00000,0x000000a527d00000) (1024K)]
  0x00000204a84668d0 JavaThread "Unconstrained build operations Thread 31"        [_thread_blocked, id=14204, stack(0x000000a527d00000,0x000000a527e00000) (1024K)]
  0x00000204a8467c80 JavaThread "Unconstrained build operations Thread 32"        [_thread_blocked, id=25444, stack(0x000000a527e00000,0x000000a527f00000) (1024K)]
  0x00000204a8465520 JavaThread "Unconstrained build operations Thread 33"        [_thread_blocked, id=20932, stack(0x000000a527f00000,0x000000a528000000) (1024K)]
  0x00000204a8468310 JavaThread "Unconstrained build operations Thread 34"        [_thread_blocked, id=5176, stack(0x000000a528000000,0x000000a528100000) (1024K)]
  0x00000204a8469030 JavaThread "Unconstrained build operations Thread 35"        [_thread_blocked, id=14324, stack(0x000000a528100000,0x000000a528200000) (1024K)]
  0x00000204a84689a0 JavaThread "Unconstrained build operations Thread 36"        [_thread_blocked, id=19880, stack(0x000000a528200000,0x000000a528300000) (1024K)]
  0x00000204a8466f60 JavaThread "Unconstrained build operations Thread 37"        [_thread_blocked, id=28796, stack(0x000000a528300000,0x000000a528400000) (1024K)]
  0x00000204a8465bb0 JavaThread "Unconstrained build operations Thread 38"        [_thread_blocked, id=19368, stack(0x000000a528400000,0x000000a528500000) (1024K)]
  0x00000204a846be20 JavaThread "Unconstrained build operations Thread 39"        [_thread_blocked, id=27244, stack(0x000000a528500000,0x000000a528600000) (1024K)]
  0x00000204a846b790 JavaThread "Unconstrained build operations Thread 40"        [_thread_blocked, id=26620, stack(0x000000a528600000,0x000000a528700000) (1024K)]
  0x00000204a846b100 JavaThread "Unconstrained build operations Thread 41"        [_thread_blocked, id=21920, stack(0x000000a528700000,0x000000a528800000) (1024K)]
  0x00000204a846c4b0 JavaThread "Unconstrained build operations Thread 42"        [_thread_blocked, id=26384, stack(0x000000a528800000,0x000000a528900000) (1024K)]
  0x00000204a846cb40 JavaThread "Unconstrained build operations Thread 43"        [_thread_blocked, id=18936, stack(0x000000a528900000,0x000000a528a00000) (1024K)]
  0x00000204a84696c0 JavaThread "Unconstrained build operations Thread 44"        [_thread_blocked, id=14472, stack(0x000000a528a00000,0x000000a528b00000) (1024K)]
  0x00000204a8469d50 JavaThread "Unconstrained build operations Thread 45"        [_thread_blocked, id=16280, stack(0x000000a528b00000,0x000000a528c00000) (1024K)]
  0x00000204a846a3e0 JavaThread "Unconstrained build operations Thread 46"        [_thread_blocked, id=19332, stack(0x000000a528c00000,0x000000a528d00000) (1024K)]
  0x00000204a846aa70 JavaThread "Unconstrained build operations Thread 47"        [_thread_blocked, id=27928, stack(0x000000a528d00000,0x000000a528e00000) (1024K)]
  0x00000204a94ba5b0 JavaThread "Unconstrained build operations Thread 48"        [_thread_blocked, id=13436, stack(0x000000a528e00000,0x000000a528f00000) (1024K)]
  0x00000204a9b85e20 JavaThread "Memory manager"                    [_thread_blocked, id=11872, stack(0x000000a525d00000,0x000000a525e00000) (1024K)]
  0x00000204a9b85790 JavaThread "build event listener"              [_thread_blocked, id=12680, stack(0x000000a528f00000,0x000000a529000000) (1024K)]
  0x00000204c9182c40 JavaThread "pool-3-thread-1"                   [_thread_blocked, id=26096, stack(0x000000a529000000,0x000000a529100000) (1024K)]
  0x00000204c91832d0 JavaThread "build event listener"              [_thread_blocked, id=14460, stack(0x000000a529100000,0x000000a529200000) (1024K)]
  0x00000204c9181890 JavaThread "included builds"                   [_thread_blocked, id=13916, stack(0x000000a529200000,0x000000a529300000) (1024K)]
  0x00000204c9181f20 JavaThread "Execution worker"                  [_thread_blocked, id=19932, stack(0x000000a529300000,0x000000a529400000) (1024K)]
  0x00000204c917fe50 JavaThread "Execution worker Thread 2"         [_thread_blocked, id=11592, stack(0x000000a529400000,0x000000a529500000) (1024K)]
  0x00000204c9183960 JavaThread "Execution worker Thread 3"         [_thread_blocked, id=13608, stack(0x000000a529500000,0x000000a529600000) (1024K)]
  0x00000204c9183ff0 JavaThread "Execution worker Thread 4"         [_thread_blocked, id=29640, stack(0x000000a529600000,0x000000a529700000) (1024K)]
  0x00000204c9184680 JavaThread "Execution worker Thread 5"         [_thread_blocked, id=25816, stack(0x000000a529700000,0x000000a529800000) (1024K)]
  0x00000204c9181200 JavaThread "Execution worker Thread 6"         [_thread_blocked, id=2248, stack(0x000000a529800000,0x000000a529900000) (1024K)]
  0x00000204c9184d10 JavaThread "Execution worker Thread 7"         [_thread_in_Java, id=8552, stack(0x000000a529900000,0x000000a529a00000) (1024K)]
  0x00000204c91853a0 JavaThread "Execution worker Thread 8"         [_thread_blocked, id=8128, stack(0x000000a529a00000,0x000000a529b00000) (1024K)]
  0x00000204c9186750 JavaThread "Execution worker Thread 9"         [_thread_blocked, id=26904, stack(0x000000a529b00000,0x000000a529c00000) (1024K)]
  0x00000204c9187470 JavaThread "Execution worker Thread 10"        [_thread_blocked, id=23824, stack(0x000000a529c00000,0x000000a529d00000) (1024K)]
  0x00000204c9185a30 JavaThread "Execution worker Thread 11"        [_thread_blocked, id=23324, stack(0x000000a529d00000,0x000000a529e00000) (1024K)]
  0x00000204c91860c0 JavaThread "Execution worker Thread 12"        [_thread_blocked, id=19212, stack(0x000000a529e00000,0x000000a529f00000) (1024K)]
  0x00000204c9186de0 JavaThread "Execution worker Thread 13"        [_thread_blocked, id=26628, stack(0x000000a529f00000,0x000000a52a000000) (1024K)]
  0x00000204ab5a6dd0 JavaThread "Execution worker Thread 14"        [_thread_blocked, id=3264, stack(0x000000a52a000000,0x000000a52a100000) (1024K)]
  0x00000204ab5a4d00 JavaThread "Execution worker Thread 15"        [_thread_blocked, id=5832, stack(0x000000a52a100000,0x000000a52a200000) (1024K)]
  0x00000204ab5a60b0 JavaThread "Cache worker for execution history cache (D:\ITI\Courses\Android (Kotlin)\FinalProject\.gradle\9.2.1\executionHistory)"        [_thread_blocked, id=29376, stack(0x000000a52a200000,0x000000a52a300000) (1024K)]
  0x00000204ab5a5a20 JavaThread "Unconstrained build operations Thread 49"        [_thread_blocked, id=18640, stack(0x000000a525e00000,0x000000a525f00000) (1024K)]
  0x00000204ab5a8810 JavaThread "Unconstrained build operations Thread 50"        [_thread_blocked, id=4876, stack(0x000000a52a400000,0x000000a52a500000) (1024K)]
  0x00000204ca7d48b0 JavaThread "Unconstrained build operations Thread 51"        [_thread_blocked, id=12636, stack(0x000000a52a600000,0x000000a52a700000) (1024K)]
  0x00000204ca7d76a0 JavaThread "Unconstrained build operations Thread 52"        [_thread_blocked, id=16264, stack(0x000000a52a700000,0x000000a52a800000) (1024K)]
  0x00000204ca7d9e00 JavaThread "Unconstrained build operations Thread 53"        [_thread_blocked, id=23372, stack(0x000000a52a800000,0x000000a52a900000) (1024K)]
  0x00000204ca7d7010 JavaThread "Unconstrained build operations Thread 54"        [_thread_blocked, id=28400, stack(0x000000a52a900000,0x000000a52aa00000) (1024K)]
  0x00000204ca7dab20 JavaThread "Unconstrained build operations Thread 55"        [_thread_blocked, id=19152, stack(0x000000a52aa00000,0x000000a52ab00000) (1024K)]
  0x00000204ca7dcbf0 JavaThread "Unconstrained build operations Thread 56"        [_thread_blocked, id=11792, stack(0x000000a52ab00000,0x000000a52ac00000) (1024K)]
  0x00000204ca7dc560 JavaThread "Unconstrained build operations Thread 57"        [_thread_blocked, id=3476, stack(0x000000a52ac00000,0x000000a52ad00000) (1024K)]
  0x00000204ca7de630 JavaThread "Unconstrained build operations Thread 58"        [_thread_blocked, id=21976, stack(0x000000a52ad00000,0x000000a52ae00000) (1024K)]
  0x00000204ca7db1b0 JavaThread "Unconstrained build operations Thread 59"        [_thread_blocked, id=24292, stack(0x000000a52ae00000,0x000000a52af00000) (1024K)]
  0x00000204ca7decc0 JavaThread "Unconstrained build operations Thread 60"        [_thread_blocked, id=19884, stack(0x000000a52af00000,0x000000a52b000000) (1024K)]
  0x00000204ca7e1420 JavaThread "Unconstrained build operations Thread 61"        [_thread_blocked, id=28580, stack(0x000000a52b000000,0x000000a52b100000) (1024K)]
  0x00000204ca7df350 JavaThread "Unconstrained build operations Thread 62"        [_thread_blocked, id=13492, stack(0x000000a52b100000,0x000000a52b200000) (1024K)]
  0x00000204ca7df9e0 JavaThread "Unconstrained build operations Thread 63"        [_thread_blocked, id=26044, stack(0x000000a52b200000,0x000000a52b300000) (1024K)]
  0x00000204ca7e0070 JavaThread "Unconstrained build operations Thread 64"        [_thread_blocked, id=11956, stack(0x000000a52b300000,0x000000a52b400000) (1024K)]
  0x00000204ca7e0700 JavaThread "Unconstrained build operations Thread 65"        [_thread_blocked, id=10612, stack(0x000000a52b400000,0x000000a52b500000) (1024K)]
  0x00000204ca370300 JavaThread "C1 CompilerThread1"         daemon [_thread_in_vm, id=19912, stack(0x000000a523400000,0x000000a523500000) (1024K)]
  0x00000204ca36cc80 JavaThread "C1 CompilerThread2"         daemon [_thread_in_native, id=8316, stack(0x000000a523700000,0x000000a523800000) (1024K)]
  0x00000204ca7d27e0 JavaThread "Unconstrained build operations Thread 66"        [_thread_blocked, id=10680, stack(0x000000a523e00000,0x000000a523f00000) (1024K)]
  0x00000204ca7d3b90 JavaThread "WorkerExecutor Queue"              [_thread_in_Java, id=28292, stack(0x000000a523f00000,0x000000a524000000) (1024K)]
  0x00000204ca36d350 JavaThread "C2 CompilerThread1"         daemon [_thread_in_native, id=496, stack(0x000000a52a500000,0x000000a52a600000) (1024K)]
  0x00000204ca7d55d0 JavaThread "Unconstrained build operations Thread 67"        [_thread_blocked, id=12184, stack(0x000000a52b500000,0x000000a52b600000) (1024K)]
  0x00000204ca7d4f40 JavaThread "Unconstrained build operations Thread 68"        [_thread_blocked, id=21044, stack(0x000000a52b600000,0x000000a52b700000) (1024K)]
  0x00000204ca7d2e70 JavaThread "Unconstrained build operations Thread 69"        [_thread_blocked, id=4924, stack(0x000000a52b700000,0x000000a52b800000) (1024K)]
  0x00000204ca7d4220 JavaThread "Unconstrained build operations Thread 70"        [_thread_blocked, id=19648, stack(0x000000a52b800000,0x000000a52b900000) (1024K)]
  0x00000204ca7d83c0 JavaThread "Unconstrained build operations Thread 71"        [_thread_blocked, id=18844, stack(0x000000a52b900000,0x000000a52ba00000) (1024K)]
  0x00000204ca7d8a50 JavaThread "Unconstrained build operations Thread 72"        [_thread_blocked, id=7672, stack(0x000000a52ba00000,0x000000a52bb00000) (1024K)]
  0x00000204ca7d7d30 JavaThread "Unconstrained build operations Thread 73"        [_thread_blocked, id=24916, stack(0x000000a52bb00000,0x000000a52bc00000) (1024K)]
  0x00000204ca7d9770 JavaThread "Unconstrained build operations Thread 74"        [_thread_blocked, id=23692, stack(0x000000a52bc00000,0x000000a52bd00000) (1024K)]
  0x00000204ca7d90e0 JavaThread "Unconstrained build operations Thread 75"        [_thread_blocked, id=28636, stack(0x000000a52bd00000,0x000000a52be00000) (1024K)]
  0x00000204ca7db840 JavaThread "Unconstrained build operations Thread 76"        [_thread_blocked, id=22860, stack(0x000000a52be00000,0x000000a52bf00000) (1024K)]
  0x00000204ca7dd910 JavaThread "Unconstrained build operations Thread 77"        [_thread_blocked, id=25700, stack(0x000000a52bf00000,0x000000a52c000000) (1024K)]
  0x00000204ca7ddfa0 JavaThread "Unconstrained build operations Thread 78"        [_thread_blocked, id=28624, stack(0x000000a52c000000,0x000000a52c100000) (1024K)]
  0x00000204ca7dbed0 JavaThread "Unconstrained build operations Thread 79"        [_thread_blocked, id=6568, stack(0x000000a52c100000,0x000000a52c200000) (1024K)]
  0x00000204ca7dd280 JavaThread "Unconstrained build operations Thread 80"        [_thread_blocked, id=17344, stack(0x000000a52c200000,0x000000a52c300000) (1024K)]
  0x00000204cae2a090 JavaThread "Unconstrained build operations Thread 81"        [_thread_blocked, id=29084, stack(0x000000a52c300000,0x000000a52c400000) (1024K)]
  0x00000204ca36e7c0 JavaThread "C1 CompilerThread3"         daemon [_thread_in_native, id=24872, stack(0x000000a52c400000,0x000000a52c500000) (1024K)]
  0x00000204cae31020 JavaThread "Unconstrained build operations Thread 82"        [_thread_blocked, id=29080, stack(0x000000a52c600000,0x000000a52c700000) (1024K)]
  0x00000204cae2e8c0 JavaThread "Unconstrained build operations Thread 83"        [_thread_blocked, id=23196, stack(0x000000a52c700000,0x000000a52c800000) (1024K)]
  0x00000204cae2e230 JavaThread "Unconstrained build operations Thread 84"        [_thread_blocked, id=7264, stack(0x000000a52c800000,0x000000a52c900000) (1024K)]
  0x00000204cae2dba0 JavaThread "Unconstrained build operations Thread 85"        [_thread_blocked, id=25696, stack(0x000000a52c900000,0x000000a52ca00000) (1024K)]
  0x00000204cae2fc70 JavaThread "Unconstrained build operations Thread 86"        [_thread_blocked, id=23156, stack(0x000000a52ca00000,0x000000a52cb00000) (1024K)]
  0x00000204cae2ef50 JavaThread "Unconstrained build operations Thread 87"        [_thread_blocked, id=25316, stack(0x000000a52cb00000,0x000000a52cc00000) (1024K)]
  0x00000204cae30300 JavaThread "Unconstrained build operations Thread 88"        [_thread_blocked, id=19464, stack(0x000000a52cc00000,0x000000a52cd00000) (1024K)]
  0x00000204cae323d0 JavaThread "Unconstrained build operations Thread 89"        [_thread_blocked, id=4000, stack(0x000000a52cd00000,0x000000a52ce00000) (1024K)]
  0x00000204cae316b0 JavaThread "Unconstrained build operations Thread 90"        [_thread_blocked, id=11460, stack(0x000000a52ce00000,0x000000a52cf00000) (1024K)]
  0x00000204cae2f5e0 JavaThread "Unconstrained build operations Thread 91"        [_thread_blocked, id=17896, stack(0x000000a52cf00000,0x000000a52d000000) (1024K)]
  0x00000204cae30990 JavaThread "Unconstrained build operations Thread 92"        [_thread_blocked, id=16804, stack(0x000000a52d000000,0x000000a52d100000) (1024K)]
  0x00000204cae31d40 JavaThread "Unconstrained build operations Thread 93"        [_thread_blocked, id=17504, stack(0x000000a52d100000,0x000000a52d200000) (1024K)]
  0x00000204a9b84a70 JavaThread "Unconstrained build operations Thread 94"        [_thread_blocked, id=24204, stack(0x000000a52d200000,0x000000a52d300000) (1024K)]
  0x00000204a9b83d50 JavaThread "Unconstrained build operations Thread 95"        [_thread_blocked, id=13496, stack(0x000000a52d300000,0x000000a52d400000) (1024K)]
  0x00000204a9b8ace0 JavaThread "Unconstrained build operations Thread 96"        [_thread_blocked, id=25716, stack(0x000000a52d400000,0x000000a52d500000) (1024K)]
  0x00000204a9b87860 JavaThread "Unconstrained build operations Thread 97"        [_thread_blocked, id=12696, stack(0x000000a52d500000,0x000000a52d600000) (1024K)]
  0x00000204a9b89930 JavaThread "Unconstrained build operations Thread 98"        [_thread_blocked, id=15036, stack(0x000000a52d600000,0x000000a52d700000) (1024K)]
  0x00000204a9b8b370 JavaThread "Unconstrained build operations Thread 99"        [_thread_blocked, id=4904, stack(0x000000a52d700000,0x000000a52d800000) (1024K)]
  0x00000204a9b87ef0 JavaThread "Unconstrained build operations Thread 100"        [_thread_blocked, id=2948, stack(0x000000a52d800000,0x000000a52d900000) (1024K)]
  0x00000204a9b88580 JavaThread "Unconstrained build operations Thread 101"        [_thread_blocked, id=13760, stack(0x000000a52d900000,0x000000a52da00000) (1024K)]
  0x00000204a3d645a0 JavaThread "Unconstrained build operations Thread 102"        [_thread_blocked, id=19576, stack(0x000000a52da00000,0x000000a52db00000) (1024K)]
  0x00000204a3d63f10 JavaThread "Unconstrained build operations Thread 103"        [_thread_blocked, id=11332, stack(0x000000a52db00000,0x000000a52dc00000) (1024K)]
  0x00000204a3d64c30 JavaThread "Unconstrained build operations Thread 104"        [_thread_blocked, id=5856, stack(0x000000a52dc00000,0x000000a52dd00000) (1024K)]
  0x00000204a3d652c0 JavaThread "Unconstrained build operations Thread 105"        [_thread_blocked, id=26812, stack(0x000000a52dd00000,0x000000a52de00000) (1024K)]
  0x00000204a3d65950 JavaThread "Unconstrained build operations Thread 106"        [_thread_blocked, id=2324, stack(0x000000a52de00000,0x000000a52df00000) (1024K)]
  0x00000204ab5aa8e0 JavaThread "Unconstrained build operations Thread 107"        [_thread_blocked, id=9780, stack(0x000000a52df00000,0x000000a52e000000) (1024K)]
  0x00000204ab5a9bc0 JavaThread "Unconstrained build operations Thread 108"        [_thread_blocked, id=17212, stack(0x000000a52e000000,0x000000a52e100000) (1024K)]
  0x00000204ab5aaf70 JavaThread "Unconstrained build operations Thread 109"        [_thread_blocked, id=10044, stack(0x000000a52e100000,0x000000a52e200000) (1024K)]
  0x00000204ab5a8180 JavaThread "Unconstrained build operations Thread 110"        [_thread_blocked, id=1700, stack(0x000000a52e200000,0x000000a52e300000) (1024K)]
  0x00000204ab5a8ea0 JavaThread "Unconstrained build operations Thread 111"        [_thread_blocked, id=21576, stack(0x000000a52e300000,0x000000a52e400000) (1024K)]
  0x00000204a9739e70 JavaThread "WorkerExecutor Queue Thread 2"        [_thread_in_Java, id=4296, stack(0x000000a52e400000,0x000000a52e500000) (1024K)]
  0x00000204a9740770 JavaThread "WorkerExecutor Queue Thread 3"        [_thread_blocked, id=13348, stack(0x000000a52e500000,0x000000a52e600000) (1024K)]
  0x00000204ca7d3500 JavaThread "Unconstrained build operations Thread 112"        [_thread_blocked, id=27600, stack(0x000000a52e600000,0x000000a52e700000) (1024K)]
  0x00000204ca7da490 JavaThread "Unconstrained build operations Thread 113"        [_thread_blocked, id=7660, stack(0x000000a52e700000,0x000000a52e800000) (1024K)]
  0x00000204caa2b150 JavaThread "Unconstrained build operations Thread 114"        [_thread_blocked, id=14540, stack(0x000000a52e800000,0x000000a52e900000) (1024K)]
  0x00000204caa2be70 JavaThread "Unconstrained build operations Thread 115"        [_thread_blocked, id=15428, stack(0x000000a52e900000,0x000000a52ea00000) (1024K)]
  0x00000204caa29080 JavaThread "Unconstrained build operations Thread 116"        [_thread_blocked, id=17340, stack(0x000000a52ea00000,0x000000a52eb00000) (1024K)]
  0x00000204caa2c500 JavaThread "Unconstrained build operations Thread 117"        [_thread_blocked, id=4848, stack(0x000000a52eb00000,0x000000a52ec00000) (1024K)]
  0x00000204caa2cb90 JavaThread "Unconstrained build operations Thread 118"        [_thread_blocked, id=28896, stack(0x000000a52ec00000,0x000000a52ed00000) (1024K)]
  0x00000204caa2b7e0 JavaThread "Unconstrained build operations Thread 119"        [_thread_blocked, id=25656, stack(0x000000a52ed00000,0x000000a52ee00000) (1024K)]
  0x00000204caa29710 JavaThread "Unconstrained build operations Thread 120"        [_thread_blocked, id=25096, stack(0x000000a52ee00000,0x000000a52ef00000) (1024K)]
  0x00000204caa2d220 JavaThread "Unconstrained build operations Thread 121"        [_thread_blocked, id=18852, stack(0x000000a52ef00000,0x000000a52f000000) (1024K)]
  0x00000204caa29da0 JavaThread "Unconstrained build operations Thread 122"        [_thread_blocked, id=5532, stack(0x000000a52f000000,0x000000a52f100000) (1024K)]
  0x00000204caa2d8b0 JavaThread "Unconstrained build operations Thread 123"        [_thread_blocked, id=6348, stack(0x000000a52f100000,0x000000a52f200000) (1024K)]
  0x00000204caa2a430 JavaThread "Unconstrained build operations Thread 124"        [_thread_blocked, id=27820, stack(0x000000a52f200000,0x000000a52f300000) (1024K)]
  0x00000204caa2aac0 JavaThread "Unconstrained build operations Thread 125"        [_thread_blocked, id=8832, stack(0x000000a52f300000,0x000000a52f400000) (1024K)]
  0x00000204caa2f2f0 JavaThread "Unconstrained build operations Thread 126"        [_thread_blocked, id=5724, stack(0x000000a52f400000,0x000000a52f500000) (1024K)]
  0x00000204caa306a0 JavaThread "WorkerExecutor Queue Thread 4"        [_thread_blocked, id=17560, stack(0x000000a52f500000,0x000000a52f600000) (1024K)]
  0x00000204caa30d30 JavaThread "Unconstrained build operations Thread 127"        [_thread_blocked, id=22272, stack(0x000000a52f600000,0x000000a52f700000) (1024K)]
  0x00000204caa313c0 JavaThread "Unconstrained build operations Thread 128"        [_thread_blocked, id=27076, stack(0x000000a52f700000,0x000000a52f800000) (1024K)]
  0x00000204caa2ec60 JavaThread "Unconstrained build operations Thread 129"        [_thread_blocked, id=13676, stack(0x000000a52f800000,0x000000a52f900000) (1024K)]
  0x00000204caa2e5d0 JavaThread "Unconstrained build operations Thread 130"        [_thread_blocked, id=29504, stack(0x000000a52f900000,0x000000a52fa00000) (1024K)]
  0x00000204caa2f980 JavaThread "Unconstrained build operations Thread 131"        [_thread_blocked, id=26964, stack(0x000000a52fa00000,0x000000a52fb00000) (1024K)]
  0x00000204caa2df40 JavaThread "Unconstrained build operations Thread 132"        [_thread_blocked, id=28644, stack(0x000000a52fb00000,0x000000a52fc00000) (1024K)]
  0x00000204caa33490 JavaThread "Unconstrained build operations Thread 133"        [_thread_blocked, id=27580, stack(0x000000a52fc00000,0x000000a52fd00000) (1024K)]
  0x00000204caa31a50 JavaThread "Unconstrained build operations Thread 134"        [_thread_blocked, id=3240, stack(0x000000a52fd00000,0x000000a52fe00000) (1024K)]
  0x00000204caa30010 JavaThread "Unconstrained build operations Thread 135"        [_thread_blocked, id=2132, stack(0x000000a52fe00000,0x000000a52ff00000) (1024K)]
  0x00000204caa33b20 JavaThread "Unconstrained build operations Thread 136"        [_thread_blocked, id=6160, stack(0x000000a52ff00000,0x000000a530000000) (1024K)]
  0x00000204caa32770 JavaThread "Unconstrained build operations Thread 137"        [_thread_blocked, id=15244, stack(0x000000a530000000,0x000000a530100000) (1024K)]
  0x00000204caa341b0 JavaThread "Unconstrained build operations Thread 138"        [_thread_blocked, id=22460, stack(0x000000a530100000,0x000000a530200000) (1024K)]
  0x00000204caa32e00 JavaThread "Unconstrained build operations Thread 139"        [_thread_blocked, id=10288, stack(0x000000a530200000,0x000000a530300000) (1024K)]
  0x00000204caa320e0 JavaThread "Unconstrained build operations Thread 140"        [_thread_blocked, id=6700, stack(0x000000a530300000,0x000000a530400000) (1024K)]
  0x00000204caa34840 JavaThread "Unconstrained build operations Thread 141"        [_thread_blocked, id=13924, stack(0x000000a530400000,0x000000a530500000) (1024K)]
  0x00000204caa36fa0 JavaThread "Unconstrained build operations Thread 142"        [_thread_blocked, id=28812, stack(0x000000a530500000,0x000000a530600000) (1024K)]
  0x00000204caa37630 JavaThread "Unconstrained build operations Thread 143"        [_thread_blocked, id=2172, stack(0x000000a530600000,0x000000a530700000) (1024K)]
  0x00000204caa35560 JavaThread "Unconstrained build operations Thread 144"        [_thread_blocked, id=23416, stack(0x000000a530700000,0x000000a530800000) (1024K)]
  0x00000204caa34ed0 JavaThread "Unconstrained build operations Thread 145"        [_thread_blocked, id=3704, stack(0x000000a530800000,0x000000a530900000) (1024K)]
  0x00000204caa35bf0 JavaThread "Unconstrained build operations Thread 146"        [_thread_blocked, id=7160, stack(0x000000a530900000,0x000000a530a00000) (1024K)]
  0x00000204caa36910 JavaThread "Unconstrained build operations Thread 147"        [_thread_blocked, id=22324, stack(0x000000a530a00000,0x000000a530b00000) (1024K)]
  0x00000204caa37cc0 JavaThread "Unconstrained build operations Thread 148"        [_thread_blocked, id=11616, stack(0x000000a530b00000,0x000000a530c00000) (1024K)]
  0x00000204caa38350 JavaThread "Unconstrained build operations Thread 149"        [_thread_blocked, id=21220, stack(0x000000a530c00000,0x000000a530d00000) (1024K)]
  0x00000204c9244920 JavaThread "Unconstrained build operations Thread 150"        [_thread_blocked, id=24800, stack(0x000000a530d00000,0x000000a530e00000) (1024K)]
  0x00000204c9244fb0 JavaThread "Unconstrained build operations Thread 151"        [_thread_blocked, id=26136, stack(0x000000a530e00000,0x000000a530f00000) (1024K)]
  0x00000204c9243c00 JavaThread "Unconstrained build operations Thread 152"        [_thread_blocked, id=25740, stack(0x000000a530f00000,0x000000a531000000) (1024K)]
  0x00000204c92421c0 JavaThread "Unconstrained build operations Thread 153"        [_thread_blocked, id=708, stack(0x000000a531000000,0x000000a531100000) (1024K)]
  0x00000204c9244290 JavaThread "Unconstrained build operations Thread 154"        [_thread_blocked, id=13192, stack(0x000000a531100000,0x000000a531200000) (1024K)]
  0x00000204c9245640 JavaThread "Unconstrained build operations Thread 155"        [_thread_blocked, id=21268, stack(0x000000a531200000,0x000000a531300000) (1024K)]
  0x00000204c9245cd0 JavaThread "Unconstrained build operations Thread 156"        [_thread_blocked, id=26072, stack(0x000000a531300000,0x000000a531400000) (1024K)]
  0x00000204c9242850 JavaThread "Unconstrained build operations Thread 157"        [_thread_blocked, id=3260, stack(0x000000a531400000,0x000000a531500000) (1024K)]
  0x00000204c9246360 JavaThread "Unconstrained build operations Thread 158"        [_thread_blocked, id=11176, stack(0x000000a531500000,0x000000a531600000) (1024K)]
  0x00000204c9242ee0 JavaThread "Unconstrained build operations Thread 159"        [_thread_blocked, id=18720, stack(0x000000a531600000,0x000000a531700000) (1024K)]
  0x00000204c92469f0 JavaThread "Unconstrained build operations Thread 160"        [_thread_blocked, id=26764, stack(0x000000a531700000,0x000000a531800000) (1024K)]
  0x00000204c9247da0 JavaThread "WorkerExecutor Queue Thread 5"        [_thread_blocked, id=19312, stack(0x000000a531800000,0x000000a531900000) (1024K)]
  0x00000204ca373980 JavaThread "C2 CompilerThread2"         daemon [_thread_in_native, id=21588, stack(0x000000a52c500000,0x000000a52c600000) (1024K)]
  0x00000204a524d4a0 JavaThread "Periodic tasks thread"      daemon [_thread_blocked, id=5052, stack(0x000000a531900000,0x000000a531a00000) (1024K)]
  0x00000204a524a020 JavaThread "ApplicationImpl pooled thread 1" daemon [_thread_blocked, id=26408, stack(0x000000a531a00000,0x000000a531b00000) (1024K)]
  0x00000204ac32cee0 JavaThread "ForkJoinPool.commonPool-worker-1" daemon [_thread_blocked, id=4300, stack(0x000000a531b00000,0x000000a531c00000) (1024K)]
  0x00000204a5250fb0 JavaThread "Java2D Disposer"            daemon [_thread_blocked, id=22452, stack(0x000000a531c00000,0x000000a531d00000) (1024K)]
  0x00000204a524fc00 JavaThread "AWT-Windows"                daemon [_thread_in_native, id=21312, stack(0x000000a531e00000,0x000000a531f00000) (1024K)]
  0x00000204a524b3d0 JavaThread "ForkJoinPool.commonPool-worker-2" daemon [_thread_blocked, id=5192, stack(0x000000a531f00000,0x000000a532000000) (1024K)]
  0x00000204a524a6b0 JavaThread "ForkJoinPool.commonPool-worker-3" daemon [_thread_blocked, id=21740, stack(0x000000a532200000,0x000000a532300000) (1024K)]
  0x00000204ac337980 JavaThread "WorkerExecutor Queue Thread 6"        [_thread_blocked, id=25548, stack(0x000000a531d00000,0x000000a531e00000) (1024K)]
  0x00000204ac3386a0 JavaThread "WorkerExecutor Queue Thread 7"        [_thread_blocked, id=4952, stack(0x000000a532300000,0x000000a532400000) (1024K)]
  0x00000204c987dee0 JavaThread "ForkJoinPool-1-worker-1"    daemon [_thread_in_Java, id=23128, stack(0x000000a532400000,0x000000a532500000) (1024K)]
  0x00000204c987e570 JavaThread "ForkJoinPool-1-worker-2"    daemon [_thread_in_Java, id=23700, stack(0x000000a532500000,0x000000a532600000) (1024K)]
  0x00000204bbe53f30 JavaThread "ForkJoinPool-1-worker-3"    daemon [_thread_blocked, id=29448, stack(0x000000a532600000,0x000000a532700000) (1024K)]
  0x00000204c987d1c0 JavaThread "ForkJoinPool-1-worker-4"    daemon [_thread_blocked, id=23160, stack(0x000000a532700000,0x000000a532800000) (1024K)]
  0x00000204bb8d6e10 JavaThread "ForkJoinPool-1-worker-5"    daemon [_thread_blocked, id=23868, stack(0x000000a532800000,0x000000a532900000) (1024K)]
  0x00000204c9dde5c0 JavaThread "ForkJoinPool-1-worker-6"    daemon [_thread_in_Java, id=21932, stack(0x000000a532900000,0x000000a532a00000) (1024K)]
  0x00000204bbe51df0 JavaThread "ForkJoinPool-1-worker-7"    daemon [_thread_in_Java, id=27880, stack(0x000000a532a00000,0x000000a532b00000) (1024K)]
  0x00000204bb8d74a0 JavaThread "ForkJoinPool-1-worker-8"    daemon [_thread_in_Java, id=13320, stack(0x000000a532b00000,0x000000a532c00000) (1024K)]
  0x00000204bb8d7b30 JavaThread "ForkJoinPool-1-worker-9"    daemon [_thread_in_Java, id=3540, stack(0x000000a532c00000,0x000000a532d00000) (1024K)]
  0x00000204c007b290 JavaThread "ForkJoinPool-1-worker-10"   daemon [_thread_in_Java, id=5704, stack(0x000000a532d00000,0x000000a532e00000) (1024K)]
  0x00000204bbe51760 JavaThread "ForkJoinPool-1-worker-11"   daemon [_thread_in_Java, id=18816, stack(0x000000a532e00000,0x000000a532f00000) (1024K)]
  0x00000204b95870c0 JavaThread "ForkJoinPool-1-worker-12"   daemon [_thread_blocked, id=21092, stack(0x000000a532f00000,0x000000a533000000) (1024K)]
  0x00000204cc0ad200 JavaThread "ForkJoinPool-1-worker-13"   daemon [_thread_blocked, id=15748, stack(0x000000a533000000,0x000000a533100000) (1024K)]
  0x00000204c987d850 JavaThread "ForkJoinPool-1-worker-14"   daemon [_thread_in_Java, id=14308, stack(0x000000a533100000,0x000000a533200000) (1024K)]
  0x00000204ca1cb020 JavaThread "ForkJoinPool-1-worker-15"   daemon [_thread_blocked, id=4980, stack(0x000000a533200000,0x000000a533300000) (1024K)]
  0x00000204cc209f20 JavaThread "ForkJoinPool-1-worker-16"   daemon [_thread_blocked, id=6932, stack(0x000000a533300000,0x000000a533400000) (1024K)]
Total: 248

Other Threads:
  0x000002045da7d5c0 VMThread "VM Thread"                           [id=11604, stack(0x000000a522b00000,0x000000a522c00000) (1024K)]
  0x000002045da6b0b0 WatcherThread "VM Periodic Task Thread"        [id=23088, stack(0x000000a522a00000,0x000000a522b00000) (1024K)]
  0x000002043e42e030 WorkerThread "GC Thread#0"                     [id=17672, stack(0x000000a522500000,0x000000a522600000) (1024K)]
  0x00000204a30ea580 WorkerThread "GC Thread#1"                     [id=6800, stack(0x000000a523900000,0x000000a523a00000) (1024K)]
  0x00000204a31f9bd0 WorkerThread "GC Thread#2"                     [id=2136, stack(0x000000a523a00000,0x000000a523b00000) (1024K)]
  0x000002045debe260 WorkerThread "GC Thread#3"                     [id=5160, stack(0x000000a523b00000,0x000000a523c00000) (1024K)]
  0x00000204a32a2e50 WorkerThread "GC Thread#4"                     [id=14452, stack(0x000000a523c00000,0x000000a523d00000) (1024K)]
  0x00000204a52d50c0 WorkerThread "GC Thread#5"                     [id=29548, stack(0x000000a524c00000,0x000000a524d00000) (1024K)]
  0x00000204a52d5ba0 WorkerThread "GC Thread#6"                     [id=29088, stack(0x000000a524d00000,0x000000a524e00000) (1024K)]
  0x00000204a52d4240 WorkerThread "GC Thread#7"                     [id=11196, stack(0x000000a524e00000,0x000000a524f00000) (1024K)]
  0x00000204a52d45e0 WorkerThread "GC Thread#8"                     [id=1696, stack(0x000000a524f00000,0x000000a525000000) (1024K)]
  0x00000204a52d4980 WorkerThread "GC Thread#9"                     [id=448, stack(0x000000a525000000,0x000000a525100000) (1024K)]
  0x00000204a52d4d20 WorkerThread "GC Thread#10"                    [id=28936, stack(0x000000a525100000,0x000000a525200000) (1024K)]
  0x00000204a52d5800 WorkerThread "GC Thread#11"                    [id=24268, stack(0x000000a525200000,0x000000a525300000) (1024K)]
  0x00000204a52d5460 WorkerThread "GC Thread#12"                    [id=11648, stack(0x000000a525300000,0x000000a525400000) (1024K)]
  0x00000204405fb320 ConcurrentGCThread "G1 Main Marker"            [id=11212, stack(0x000000a522600000,0x000000a522700000) (1024K)]
  0x00000204405fbd30 WorkerThread "G1 Conc#0"                       [id=24064, stack(0x000000a522700000,0x000000a522800000) (1024K)]
  0x00000204a6021470 WorkerThread "G1 Conc#1"                       [id=28404, stack(0x000000a525400000,0x000000a525500000) (1024K)]
  0x00000204a601fb10 WorkerThread "G1 Conc#2"                       [id=11884, stack(0x000000a525500000,0x000000a525600000) (1024K)]
  0x000002045d9b45b0 ConcurrentGCThread "G1 Refine#0"               [id=9636, stack(0x000000a522800000,0x000000a522900000) (1024K)]
  0x000002045d9b8a00 ConcurrentGCThread "G1 Service"                [id=18592, stack(0x000000a522900000,0x000000a522a00000) (1024K)]
Total: 21

Threads with active compile tasks:
C2 CompilerThread0    50518 33849 %     4       com.android.tools.r8.dex.y::a @ 293 (1018 bytes)
C2 CompilerThread1    50518 33856       4       com.android.tools.r8.dex.y::a (880 bytes)
C2 CompilerThread2    50518 34261       4       com.android.tools.r8.dex.y::b (278 bytes)
Total: 3

VM state: not at safepoint (normal execution)

VM Mutex/Monitor currently owned by a thread: None

Heap address: 0x0000000080000000, size: 2048 MB, Compressed Oops mode: 32-bit

CDS archive(s) mapped at: [0x000002045e000000-0x000002045ec90000-0x000002045ec90000), size 13172736, SharedBaseAddress: 0x000002045e000000, ArchiveRelocationMode: 1.
Compressed class space mapped at: 0x000002045f000000-0x000002049f000000, reserved size: 1073741824
Narrow klass base: 0x000002045e000000, Narrow klass shift: 0, Narrow klass range: 0x100000000

GC Precious Log:
 CardTable entry size: 512
 Card Set container configuration: InlinePtr #cards 5 size 8 Array Of Cards #cards 12 size 40 Howl #buckets 4 coarsen threshold 1843 Howl Bitmap #cards 512 size 80 coarsen threshold 460 Card regions per heap region 1 cards per card region 2048
 CPUs: 16 total, 16 available
 Memory: 15741M
 Large Page Support: Disabled
 NUMA Support: Disabled
 Compressed Oops: Enabled (32-bit)
 Heap Region Size: 1M
 Heap Min Capacity: 8M
 Heap Initial Capacity: 246M
 Heap Max Capacity: 2G
 Pre-touch: Disabled
 Parallel Workers: 13
 Concurrent Workers: 3
 Concurrent Refinement Workers: 13
 Periodic GC: Disabled

Heap:
 garbage-first heap   total 915456K, used 593408K [0x0000000080000000, 0x0000000100000000)
  region size 1024K, 84 young (86016K), 10 survivors (10240K)
 Metaspace       used 246337K, committed 249024K, reserved 1310720K
  class space    used 30613K, committed 32000K, reserved 1048576K

Heap Regions: E=young(eden), S=young(survivor), O=old, HS=humongous(starts), HC=humongous(continues), CS=collection set, F=free, TAMS=top-at-mark-start, PB=parsable bottom
|   0|0x0000000080000000, 0x0000000080100000, 0x0000000080100000|100%|HS|  |TAMS 0x0000000080000000| PB 0x0000000080000000| Complete 
|   1|0x0000000080100000, 0x0000000080200000, 0x0000000080200000|100%|HC|  |TAMS 0x0000000080100000| PB 0x0000000080100000| Complete 
|   2|0x0000000080200000, 0x0000000080300000, 0x0000000080300000|100%|HC|  |TAMS 0x0000000080200000| PB 0x0000000080200000| Complete 
|   3|0x0000000080300000, 0x0000000080400000, 0x0000000080400000|100%|HC|  |TAMS 0x0000000080300000| PB 0x0000000080300000| Complete 
|   4|0x0000000080400000, 0x0000000080500000, 0x0000000080500000|100%| O|  |TAMS 0x0000000080400000| PB 0x0000000080400000| Untracked 
|   5|0x0000000080500000, 0x0000000080600000, 0x0000000080600000|100%| O|  |TAMS 0x0000000080500000| PB 0x0000000080500000| Untracked 
|   6|0x0000000080600000, 0x0000000080700000, 0x0000000080700000|100%| O|  |TAMS 0x0000000080600000| PB 0x0000000080600000| Untracked 
|   7|0x0000000080700000, 0x0000000080800000, 0x0000000080800000|100%|HS|  |TAMS 0x0000000080700000| PB 0x0000000080700000| Complete 
|   8|0x0000000080800000, 0x0000000080900000, 0x0000000080900000|100%| O|  |TAMS 0x0000000080800000| PB 0x0000000080800000| Untracked 
|   9|0x0000000080900000, 0x0000000080a00000, 0x0000000080a00000|100%| O|  |TAMS 0x0000000080900000| PB 0x0000000080900000| Untracked 
|  10|0x0000000080a00000, 0x0000000080b00000, 0x0000000080b00000|100%| O|  |TAMS 0x0000000080a00000| PB 0x0000000080a00000| Untracked 
|  11|0x0000000080b00000, 0x0000000080c00000, 0x0000000080c00000|100%| O|  |TAMS 0x0000000080b00000| PB 0x0000000080b00000| Untracked 
|  12|0x0000000080c00000, 0x0000000080d00000, 0x0000000080d00000|100%| O|  |TAMS 0x0000000080c00000| PB 0x0000000080c00000| Untracked 
|  13|0x0000000080d00000, 0x0000000080e00000, 0x0000000080e00000|100%| O|  |TAMS 0x0000000080d00000| PB 0x0000000080d00000| Untracked 
|  14|0x0000000080e00000, 0x0000000080f00000, 0x0000000080f00000|100%| O|  |TAMS 0x0000000080e00000| PB 0x0000000080e00000| Untracked 
|  15|0x0000000080f00000, 0x0000000081000000, 0x0000000081000000|100%| O|  |TAMS 0x0000000080f00000| PB 0x0000000080f00000| Untracked 
|  16|0x0000000081000000, 0x0000000081100000, 0x0000000081100000|100%| O|  |TAMS 0x0000000081000000| PB 0x0000000081000000| Untracked 
|  17|0x0000000081100000, 0x0000000081200000, 0x0000000081200000|100%| O|  |TAMS 0x0000000081100000| PB 0x0000000081100000| Untracked 
|  18|0x0000000081200000, 0x0000000081300000, 0x0000000081300000|100%| O|  |TAMS 0x0000000081200000| PB 0x0000000081200000| Untracked 
|  19|0x0000000081300000, 0x0000000081400000, 0x0000000081400000|100%| O|  |TAMS 0x0000000081300000| PB 0x0000000081300000| Untracked 
|  20|0x0000000081400000, 0x0000000081500000, 0x0000000081500000|100%| O|  |TAMS 0x0000000081400000| PB 0x0000000081400000| Untracked 
|  21|0x0000000081500000, 0x0000000081600000, 0x0000000081600000|100%| O|  |TAMS 0x0000000081500000| PB 0x0000000081500000| Untracked 
|  22|0x0000000081600000, 0x0000000081700000, 0x0000000081700000|100%| O|  |TAMS 0x0000000081600000| PB 0x0000000081600000| Untracked 
|  23|0x0000000081700000, 0x0000000081800000, 0x0000000081800000|100%| O|  |TAMS 0x0000000081700000| PB 0x0000000081700000| Untracked 
|  24|0x0000000081800000, 0x0000000081900000, 0x0000000081900000|100%| O|  |TAMS 0x0000000081800000| PB 0x0000000081800000| Untracked 
|  25|0x0000000081900000, 0x0000000081a00000, 0x0000000081a00000|100%| O|  |TAMS 0x0000000081900000| PB 0x0000000081900000| Untracked 
|  26|0x0000000081a00000, 0x0000000081b00000, 0x0000000081b00000|100%| O|  |TAMS 0x0000000081a00000| PB 0x0000000081a00000| Untracked 
|  27|0x0000000081b00000, 0x0000000081c00000, 0x0000000081c00000|100%| O|  |TAMS 0x0000000081b00000| PB 0x0000000081b00000| Untracked 
|  28|0x0000000081c00000, 0x0000000081d00000, 0x0000000081d00000|100%| O|  |TAMS 0x0000000081c00000| PB 0x0000000081c00000| Untracked 
|  29|0x0000000081d00000, 0x0000000081e00000, 0x0000000081e00000|100%| O|  |TAMS 0x0000000081d00000| PB 0x0000000081d00000| Untracked 
|  30|0x0000000081e00000, 0x0000000081f00000, 0x0000000081f00000|100%| O|  |TAMS 0x0000000081e00000| PB 0x0000000081e00000| Untracked 
|  31|0x0000000081f00000, 0x0000000082000000, 0x0000000082000000|100%| O|  |TAMS 0x0000000081f00000| PB 0x0000000081f00000| Untracked 
|  32|0x0000000082000000, 0x0000000082100000, 0x0000000082100000|100%| O|  |TAMS 0x0000000082000000| PB 0x0000000082000000| Untracked 
|  33|0x0000000082100000, 0x0000000082200000, 0x0000000082200000|100%| O|  |TAMS 0x0000000082100000| PB 0x0000000082100000| Untracked 
|  34|0x0000000082200000, 0x0000000082300000, 0x0000000082300000|100%| O|  |TAMS 0x0000000082200000| PB 0x0000000082200000| Untracked 
|  35|0x0000000082300000, 0x0000000082400000, 0x0000000082400000|100%| O|Cm|TAMS 0x0000000082300000| PB 0x0000000082300000| Complete 
|  36|0x0000000082400000, 0x0000000082500000, 0x0000000082500000|100%| O|  |TAMS 0x0000000082400000| PB 0x0000000082400000| Untracked 
|  37|0x0000000082500000, 0x0000000082600000, 0x0000000082600000|100%| O|  |TAMS 0x0000000082500000| PB 0x0000000082500000| Untracked 
|  38|0x0000000082600000, 0x0000000082700000, 0x0000000082700000|100%| O|  |TAMS 0x0000000082600000| PB 0x0000000082600000| Untracked 
|  39|0x0000000082700000, 0x0000000082800000, 0x0000000082800000|100%| O|  |TAMS 0x0000000082700000| PB 0x0000000082700000| Untracked 
|  40|0x0000000082800000, 0x0000000082900000, 0x0000000082900000|100%| O|  |TAMS 0x0000000082800000| PB 0x0000000082800000| Untracked 
|  41|0x0000000082900000, 0x0000000082a00000, 0x0000000082a00000|100%| O|  |TAMS 0x0000000082900000| PB 0x0000000082900000| Untracked 
|  42|0x0000000082a00000, 0x0000000082b00000, 0x0000000082b00000|100%| O|  |TAMS 0x0000000082a00000| PB 0x0000000082a00000| Untracked 
|  43|0x0000000082b00000, 0x0000000082c00000, 0x0000000082c00000|100%|HS|  |TAMS 0x0000000082b00000| PB 0x0000000082b00000| Complete 
|  44|0x0000000082c00000, 0x0000000082d00000, 0x0000000082d00000|100%| O|  |TAMS 0x0000000082c00000| PB 0x0000000082c00000| Untracked 
|  45|0x0000000082d00000, 0x0000000082e00000, 0x0000000082e00000|100%| O|  |TAMS 0x0000000082d00000| PB 0x0000000082d00000| Untracked 
|  46|0x0000000082e00000, 0x0000000082f00000, 0x0000000082f00000|100%| O|  |TAMS 0x0000000082e00000| PB 0x0000000082e00000| Untracked 
|  47|0x0000000082f00000, 0x0000000083000000, 0x0000000083000000|100%| O|  |TAMS 0x0000000082f00000| PB 0x0000000082f00000| Untracked 
|  48|0x0000000083000000, 0x0000000083100000, 0x0000000083100000|100%| O|  |TAMS 0x0000000083000000| PB 0x0000000083000000| Untracked 
|  49|0x0000000083100000, 0x0000000083200000, 0x0000000083200000|100%| O|  |TAMS 0x0000000083100000| PB 0x0000000083100000| Untracked 
|  50|0x0000000083200000, 0x0000000083300000, 0x0000000083300000|100%| O|  |TAMS 0x0000000083200000| PB 0x0000000083200000| Untracked 
|  51|0x0000000083300000, 0x0000000083400000, 0x0000000083400000|100%| O|  |TAMS 0x0000000083300000| PB 0x0000000083300000| Untracked 
|  52|0x0000000083400000, 0x0000000083500000, 0x0000000083500000|100%| O|  |TAMS 0x0000000083400000| PB 0x0000000083400000| Untracked 
|  53|0x0000000083500000, 0x0000000083600000, 0x0000000083600000|100%| O|  |TAMS 0x0000000083500000| PB 0x0000000083500000| Untracked 
|  54|0x0000000083600000, 0x0000000083700000, 0x0000000083700000|100%| O|  |TAMS 0x0000000083600000| PB 0x0000000083600000| Untracked 
|  55|0x0000000083700000, 0x0000000083800000, 0x0000000083800000|100%| O|  |TAMS 0x0000000083700000| PB 0x0000000083700000| Untracked 
|  56|0x0000000083800000, 0x0000000083900000, 0x0000000083900000|100%| O|  |TAMS 0x0000000083800000| PB 0x0000000083800000| Untracked 
|  57|0x0000000083900000, 0x0000000083a00000, 0x0000000083a00000|100%| O|  |TAMS 0x0000000083900000| PB 0x0000000083900000| Untracked 
|  58|0x0000000083a00000, 0x0000000083b00000, 0x0000000083b00000|100%| O|  |TAMS 0x0000000083a00000| PB 0x0000000083a00000| Untracked 
|  59|0x0000000083b00000, 0x0000000083c00000, 0x0000000083c00000|100%| O|  |TAMS 0x0000000083b00000| PB 0x0000000083b00000| Untracked 
|  60|0x0000000083c00000, 0x0000000083d00000, 0x0000000083d00000|100%| O|  |TAMS 0x0000000083c00000| PB 0x0000000083c00000| Untracked 
|  61|0x0000000083d00000, 0x0000000083e00000, 0x0000000083e00000|100%| O|  |TAMS 0x0000000083d00000| PB 0x0000000083d00000| Untracked 
|  62|0x0000000083e00000, 0x0000000083f00000, 0x0000000083f00000|100%| O|  |TAMS 0x0000000083e00000| PB 0x0000000083e00000| Untracked 
|  63|0x0000000083f00000, 0x0000000084000000, 0x0000000084000000|100%| O|  |TAMS 0x0000000083f00000| PB 0x0000000083f00000| Untracked 
|  64|0x0000000084000000, 0x0000000084100000, 0x0000000084100000|100%| O|  |TAMS 0x0000000084000000| PB 0x0000000084000000| Untracked 
|  65|0x0000000084100000, 0x0000000084200000, 0x0000000084200000|100%| O|  |TAMS 0x0000000084100000| PB 0x0000000084100000| Untracked 
|  66|0x0000000084200000, 0x0000000084300000, 0x0000000084300000|100%| O|Cm|TAMS 0x0000000084200000| PB 0x0000000084200000| Complete 
|  67|0x0000000084300000, 0x0000000084400000, 0x0000000084400000|100%| O|  |TAMS 0x0000000084300000| PB 0x0000000084300000| Untracked 
|  68|0x0000000084400000, 0x0000000084500000, 0x0000000084500000|100%| O|  |TAMS 0x0000000084400000| PB 0x0000000084400000| Untracked 
|  69|0x0000000084500000, 0x0000000084600000, 0x0000000084600000|100%| O|  |TAMS 0x0000000084500000| PB 0x0000000084500000| Untracked 
|  70|0x0000000084600000, 0x0000000084700000, 0x0000000084700000|100%| O|  |TAMS 0x0000000084600000| PB 0x0000000084600000| Untracked 
|  71|0x0000000084700000, 0x0000000084800000, 0x0000000084800000|100%| O|  |TAMS 0x0000000084700000| PB 0x0000000084700000| Untracked 
|  72|0x0000000084800000, 0x0000000084900000, 0x0000000084900000|100%| O|  |TAMS 0x0000000084800000| PB 0x0000000084800000| Untracked 
|  73|0x0000000084900000, 0x0000000084a00000, 0x0000000084a00000|100%| O|  |TAMS 0x0000000084900000| PB 0x0000000084900000| Untracked 
|  74|0x0000000084a00000, 0x0000000084b00000, 0x0000000084b00000|100%| O|  |TAMS 0x0000000084a00000| PB 0x0000000084a00000| Untracked 
|  75|0x0000000084b00000, 0x0000000084c00000, 0x0000000084c00000|100%| O|  |TAMS 0x0000000084b00000| PB 0x0000000084b00000| Untracked 
|  76|0x0000000084c00000, 0x0000000084d00000, 0x0000000084d00000|100%| O|  |TAMS 0x0000000084c00000| PB 0x0000000084c00000| Untracked 
|  77|0x0000000084d00000, 0x0000000084e00000, 0x0000000084e00000|100%| O|  |TAMS 0x0000000084d00000| PB 0x0000000084d00000| Untracked 
|  78|0x0000000084e00000, 0x0000000084f00000, 0x0000000084f00000|100%| O|  |TAMS 0x0000000084e00000| PB 0x0000000084e00000| Untracked 
|  79|0x0000000084f00000, 0x0000000085000000, 0x0000000085000000|100%| O|  |TAMS 0x0000000084f00000| PB 0x0000000084f00000| Untracked 
|  80|0x0000000085000000, 0x0000000085100000, 0x0000000085100000|100%| O|  |TAMS 0x0000000085000000| PB 0x0000000085000000| Untracked 
|  81|0x0000000085100000, 0x0000000085200000, 0x0000000085200000|100%| O|  |TAMS 0x0000000085100000| PB 0x0000000085100000| Untracked 
|  82|0x0000000085200000, 0x0000000085300000, 0x0000000085300000|100%| O|  |TAMS 0x0000000085200000| PB 0x0000000085200000| Untracked 
|  83|0x0000000085300000, 0x0000000085400000, 0x0000000085400000|100%| O|  |TAMS 0x0000000085300000| PB 0x0000000085300000| Untracked 
|  84|0x0000000085400000, 0x0000000085500000, 0x0000000085500000|100%| O|  |TAMS 0x0000000085400000| PB 0x0000000085400000| Untracked 
|  85|0x0000000085500000, 0x0000000085600000, 0x0000000085600000|100%| O|  |TAMS 0x0000000085500000| PB 0x0000000085500000| Untracked 
|  86|0x0000000085600000, 0x0000000085700000, 0x0000000085700000|100%| O|  |TAMS 0x0000000085600000| PB 0x0000000085600000| Untracked 
|  87|0x0000000085700000, 0x0000000085800000, 0x0000000085800000|100%| O|  |TAMS 0x0000000085700000| PB 0x0000000085700000| Untracked 
|  88|0x0000000085800000, 0x0000000085900000, 0x0000000085900000|100%| O|  |TAMS 0x0000000085800000| PB 0x0000000085800000| Untracked 
|  89|0x0000000085900000, 0x0000000085a00000, 0x0000000085a00000|100%|HS|  |TAMS 0x0000000085900000| PB 0x0000000085900000| Complete 
|  90|0x0000000085a00000, 0x0000000085b00000, 0x0000000085b00000|100%| O|  |TAMS 0x0000000085a00000| PB 0x0000000085a00000| Untracked 
|  91|0x0000000085b00000, 0x0000000085c00000, 0x0000000085c00000|100%| O|  |TAMS 0x0000000085b00000| PB 0x0000000085b00000| Untracked 
|  92|0x0000000085c00000, 0x0000000085d00000, 0x0000000085d00000|100%| O|  |TAMS 0x0000000085c00000| PB 0x0000000085c00000| Untracked 
|  93|0x0000000085d00000, 0x0000000085e00000, 0x0000000085e00000|100%| O|  |TAMS 0x0000000085d00000| PB 0x0000000085d00000| Untracked 
|  94|0x0000000085e00000, 0x0000000085f00000, 0x0000000085f00000|100%| O|  |TAMS 0x0000000085e00000| PB 0x0000000085e00000| Untracked 
|  95|0x0000000085f00000, 0x0000000086000000, 0x0000000086000000|100%| O|  |TAMS 0x0000000085f00000| PB 0x0000000085f00000| Untracked 
|  96|0x0000000086000000, 0x0000000086100000, 0x0000000086100000|100%|HS|  |TAMS 0x0000000086000000| PB 0x0000000086000000| Complete 
|  97|0x0000000086100000, 0x0000000086200000, 0x0000000086200000|100%| O|  |TAMS 0x0000000086100000| PB 0x0000000086100000| Untracked 
|  98|0x0000000086200000, 0x0000000086300000, 0x0000000086300000|100%| O|  |TAMS 0x0000000086200000| PB 0x0000000086200000| Untracked 
|  99|0x0000000086300000, 0x0000000086400000, 0x0000000086400000|100%|HS|  |TAMS 0x0000000086300000| PB 0x0000000086300000| Complete 
| 100|0x0000000086400000, 0x0000000086500000, 0x0000000086500000|100%|HS|  |TAMS 0x0000000086400000| PB 0x0000000086400000| Complete 
| 101|0x0000000086500000, 0x0000000086600000, 0x0000000086600000|100%|HS|  |TAMS 0x0000000086500000| PB 0x0000000086500000| Complete 
| 102|0x0000000086600000, 0x0000000086700000, 0x0000000086700000|100%|HC|  |TAMS 0x0000000086600000| PB 0x0000000086600000| Complete 
| 103|0x0000000086700000, 0x0000000086800000, 0x0000000086800000|100%|HS|  |TAMS 0x0000000086700000| PB 0x0000000086700000| Complete 
| 104|0x0000000086800000, 0x0000000086900000, 0x0000000086900000|100%|HS|  |TAMS 0x0000000086800000| PB 0x0000000086800000| Complete 
| 105|0x0000000086900000, 0x0000000086a00000, 0x0000000086a00000|100%| O|  |TAMS 0x0000000086900000| PB 0x0000000086900000| Untracked 
| 106|0x0000000086a00000, 0x0000000086b00000, 0x0000000086b00000|100%|HS|  |TAMS 0x0000000086a00000| PB 0x0000000086a00000| Complete 
| 107|0x0000000086b00000, 0x0000000086c00000, 0x0000000086c00000|100%| O|  |TAMS 0x0000000086b00000| PB 0x0000000086b00000| Untracked 
| 108|0x0000000086c00000, 0x0000000086d00000, 0x0000000086d00000|100%| O|  |TAMS 0x0000000086c00000| PB 0x0000000086c00000| Untracked 
| 109|0x0000000086d00000, 0x0000000086e00000, 0x0000000086e00000|100%|HS|  |TAMS 0x0000000086d00000| PB 0x0000000086d00000| Complete 
| 110|0x0000000086e00000, 0x0000000086f00000, 0x0000000086f00000|100%| O|  |TAMS 0x0000000086e00000| PB 0x0000000086e00000| Untracked 
| 111|0x0000000086f00000, 0x0000000087000000, 0x0000000087000000|100%| O|  |TAMS 0x0000000086f00000| PB 0x0000000086f00000| Untracked 
| 112|0x0000000087000000, 0x0000000087100000, 0x0000000087100000|100%|HS|  |TAMS 0x0000000087000000| PB 0x0000000087000000| Complete 
| 113|0x0000000087100000, 0x0000000087200000, 0x0000000087200000|100%| O|Cm|TAMS 0x0000000087100000| PB 0x0000000087100000| Complete 
| 114|0x0000000087200000, 0x0000000087300000, 0x0000000087300000|100%|HS|  |TAMS 0x0000000087200000| PB 0x0000000087200000| Complete 
| 115|0x0000000087300000, 0x0000000087400000, 0x0000000087400000|100%|HC|  |TAMS 0x0000000087300000| PB 0x0000000087300000| Complete 
| 116|0x0000000087400000, 0x0000000087500000, 0x0000000087500000|100%| O|  |TAMS 0x0000000087400000| PB 0x0000000087400000| Untracked 
| 117|0x0000000087500000, 0x0000000087600000, 0x0000000087600000|100%| O|  |TAMS 0x0000000087500000| PB 0x0000000087500000| Untracked 
| 118|0x0000000087600000, 0x0000000087700000, 0x0000000087700000|100%| O|  |TAMS 0x0000000087600000| PB 0x0000000087600000| Untracked 
| 119|0x0000000087700000, 0x0000000087800000, 0x0000000087800000|100%| O|  |TAMS 0x0000000087700000| PB 0x0000000087700000| Untracked 
| 120|0x0000000087800000, 0x0000000087900000, 0x0000000087900000|100%| O|  |TAMS 0x0000000087800000| PB 0x0000000087800000| Untracked 
| 121|0x0000000087900000, 0x0000000087a00000, 0x0000000087a00000|100%| O|  |TAMS 0x0000000087900000| PB 0x0000000087900000| Untracked 
| 122|0x0000000087a00000, 0x0000000087b00000, 0x0000000087b00000|100%| O|  |TAMS 0x0000000087a00000| PB 0x0000000087a00000| Untracked 
| 123|0x0000000087b00000, 0x0000000087c00000, 0x0000000087c00000|100%|HS|  |TAMS 0x0000000087b00000| PB 0x0000000087b00000| Complete 
| 124|0x0000000087c00000, 0x0000000087d00000, 0x0000000087d00000|100%| O|  |TAMS 0x0000000087c00000| PB 0x0000000087c00000| Untracked 
| 125|0x0000000087d00000, 0x0000000087e00000, 0x0000000087e00000|100%| O|  |TAMS 0x0000000087d00000| PB 0x0000000087d00000| Untracked 
| 126|0x0000000087e00000, 0x0000000087f00000, 0x0000000087f00000|100%| O|  |TAMS 0x0000000087e00000| PB 0x0000000087e00000| Untracked 
| 127|0x0000000087f00000, 0x0000000088000000, 0x0000000088000000|100%| O|  |TAMS 0x0000000087f00000| PB 0x0000000087f00000| Untracked 
| 128|0x0000000088000000, 0x0000000088100000, 0x0000000088100000|100%| O|  |TAMS 0x0000000088000000| PB 0x0000000088000000| Untracked 
| 129|0x0000000088100000, 0x0000000088200000, 0x0000000088200000|100%| O|  |TAMS 0x0000000088100000| PB 0x0000000088100000| Untracked 
| 130|0x0000000088200000, 0x0000000088300000, 0x0000000088300000|100%|HS|  |TAMS 0x0000000088200000| PB 0x0000000088200000| Complete 
| 131|0x0000000088300000, 0x0000000088400000, 0x0000000088400000|100%| O|  |TAMS 0x0000000088300000| PB 0x0000000088300000| Untracked 
| 132|0x0000000088400000, 0x0000000088500000, 0x0000000088500000|100%| O|  |TAMS 0x0000000088400000| PB 0x0000000088400000| Untracked 
| 133|0x0000000088500000, 0x0000000088600000, 0x0000000088600000|100%| O|  |TAMS 0x0000000088500000| PB 0x0000000088500000| Untracked 
| 134|0x0000000088600000, 0x0000000088700000, 0x0000000088700000|100%|HS|  |TAMS 0x0000000088600000| PB 0x0000000088600000| Complete 
| 135|0x0000000088700000, 0x0000000088800000, 0x0000000088800000|100%|HC|  |TAMS 0x0000000088700000| PB 0x0000000088700000| Complete 
| 136|0x0000000088800000, 0x0000000088900000, 0x0000000088900000|100%|HC|  |TAMS 0x0000000088800000| PB 0x0000000088800000| Complete 
| 137|0x0000000088900000, 0x0000000088a00000, 0x0000000088a00000|100%|HC|  |TAMS 0x0000000088900000| PB 0x0000000088900000| Complete 
| 138|0x0000000088a00000, 0x0000000088b00000, 0x0000000088b00000|100%|HC|  |TAMS 0x0000000088a00000| PB 0x0000000088a00000| Complete 
| 139|0x0000000088b00000, 0x0000000088c00000, 0x0000000088c00000|100%| O|  |TAMS 0x0000000088b00000| PB 0x0000000088b00000| Untracked 
| 140|0x0000000088c00000, 0x0000000088d00000, 0x0000000088d00000|100%| O|  |TAMS 0x0000000088c00000| PB 0x0000000088c00000| Untracked 
| 141|0x0000000088d00000, 0x0000000088e00000, 0x0000000088e00000|100%| O|  |TAMS 0x0000000088d00000| PB 0x0000000088d00000| Untracked 
| 142|0x0000000088e00000, 0x0000000088f00000, 0x0000000088f00000|100%| O|  |TAMS 0x0000000088e00000| PB 0x0000000088e00000| Untracked 
| 143|0x0000000088f00000, 0x0000000089000000, 0x0000000089000000|100%| O|  |TAMS 0x0000000088f00000| PB 0x0000000088f00000| Untracked 
| 144|0x0000000089000000, 0x0000000089100000, 0x0000000089100000|100%| O|  |TAMS 0x0000000089000000| PB 0x0000000089000000| Untracked 
| 145|0x0000000089100000, 0x0000000089200000, 0x0000000089200000|100%| O|  |TAMS 0x0000000089100000| PB 0x0000000089100000| Untracked 
| 146|0x0000000089200000, 0x0000000089300000, 0x0000000089300000|100%| O|  |TAMS 0x0000000089200000| PB 0x0000000089200000| Untracked 
| 147|0x0000000089300000, 0x0000000089400000, 0x0000000089400000|100%| O|  |TAMS 0x0000000089300000| PB 0x0000000089300000| Untracked 
| 148|0x0000000089400000, 0x0000000089500000, 0x0000000089500000|100%| O|  |TAMS 0x0000000089400000| PB 0x0000000089400000| Untracked 
| 149|0x0000000089500000, 0x0000000089600000, 0x0000000089600000|100%| O|  |TAMS 0x0000000089500000| PB 0x0000000089500000| Untracked 
| 150|0x0000000089600000, 0x0000000089700000, 0x0000000089700000|100%| O|  |TAMS 0x0000000089600000| PB 0x0000000089600000| Untracked 
| 151|0x0000000089700000, 0x0000000089800000, 0x0000000089800000|100%| O|  |TAMS 0x0000000089700000| PB 0x0000000089700000| Untracked 
| 152|0x0000000089800000, 0x0000000089900000, 0x0000000089900000|100%| O|  |TAMS 0x0000000089800000| PB 0x0000000089800000| Untracked 
| 153|0x0000000089900000, 0x0000000089a00000, 0x0000000089a00000|100%| O|  |TAMS 0x0000000089900000| PB 0x0000000089900000| Untracked 
| 154|0x0000000089a00000, 0x0000000089b00000, 0x0000000089b00000|100%| O|  |TAMS 0x0000000089a00000| PB 0x0000000089a00000| Untracked 
| 155|0x0000000089b00000, 0x0000000089c00000, 0x0000000089c00000|100%| O|  |TAMS 0x0000000089b00000| PB 0x0000000089b00000| Untracked 
| 156|0x0000000089c00000, 0x0000000089d00000, 0x0000000089d00000|100%| O|  |TAMS 0x0000000089c00000| PB 0x0000000089c00000| Untracked 
| 157|0x0000000089d00000, 0x0000000089e00000, 0x0000000089e00000|100%| O|  |TAMS 0x0000000089d00000| PB 0x0000000089d00000| Untracked 
| 158|0x0000000089e00000, 0x0000000089f00000, 0x0000000089f00000|100%| O|  |TAMS 0x0000000089e00000| PB 0x0000000089e00000| Untracked 
| 159|0x0000000089f00000, 0x000000008a000000, 0x000000008a000000|100%| O|  |TAMS 0x0000000089f00000| PB 0x0000000089f00000| Untracked 
| 160|0x000000008a000000, 0x000000008a100000, 0x000000008a100000|100%| O|  |TAMS 0x000000008a000000| PB 0x000000008a000000| Untracked 
| 161|0x000000008a100000, 0x000000008a200000, 0x000000008a200000|100%| O|  |TAMS 0x000000008a100000| PB 0x000000008a100000| Untracked 
| 162|0x000000008a200000, 0x000000008a300000, 0x000000008a300000|100%| O|  |TAMS 0x000000008a200000| PB 0x000000008a200000| Untracked 
| 163|0x000000008a300000, 0x000000008a400000, 0x000000008a400000|100%| O|  |TAMS 0x000000008a300000| PB 0x000000008a300000| Untracked 
| 164|0x000000008a400000, 0x000000008a500000, 0x000000008a500000|100%| O|  |TAMS 0x000000008a400000| PB 0x000000008a400000| Untracked 
| 165|0x000000008a500000, 0x000000008a600000, 0x000000008a600000|100%| O|  |TAMS 0x000000008a500000| PB 0x000000008a500000| Untracked 
| 166|0x000000008a600000, 0x000000008a700000, 0x000000008a700000|100%| O|  |TAMS 0x000000008a600000| PB 0x000000008a600000| Untracked 
| 167|0x000000008a700000, 0x000000008a800000, 0x000000008a800000|100%|HS|  |TAMS 0x000000008a700000| PB 0x000000008a700000| Complete 
| 168|0x000000008a800000, 0x000000008a900000, 0x000000008a900000|100%| O|  |TAMS 0x000000008a800000| PB 0x000000008a800000| Untracked 
| 169|0x000000008a900000, 0x000000008aa00000, 0x000000008aa00000|100%| O|  |TAMS 0x000000008a900000| PB 0x000000008a900000| Untracked 
| 170|0x000000008aa00000, 0x000000008ab00000, 0x000000008ab00000|100%| O|  |TAMS 0x000000008aa00000| PB 0x000000008aa00000| Untracked 
| 171|0x000000008ab00000, 0x000000008ac00000, 0x000000008ac00000|100%| O|  |TAMS 0x000000008ab00000| PB 0x000000008ab00000| Untracked 
| 172|0x000000008ac00000, 0x000000008ad00000, 0x000000008ad00000|100%| O|  |TAMS 0x000000008ac00000| PB 0x000000008ac00000| Untracked 
| 173|0x000000008ad00000, 0x000000008ae00000, 0x000000008ae00000|100%| O|  |TAMS 0x000000008ad00000| PB 0x000000008ad00000| Untracked 
| 174|0x000000008ae00000, 0x000000008af00000, 0x000000008af00000|100%| O|  |TAMS 0x000000008ae00000| PB 0x000000008ae00000| Untracked 
| 175|0x000000008af00000, 0x000000008b000000, 0x000000008b000000|100%| O|  |TAMS 0x000000008af00000| PB 0x000000008af00000| Untracked 
| 176|0x000000008b000000, 0x000000008b100000, 0x000000008b100000|100%|HS|  |TAMS 0x000000008b000000| PB 0x000000008b000000| Complete 
| 177|0x000000008b100000, 0x000000008b200000, 0x000000008b200000|100%|HC|  |TAMS 0x000000008b100000| PB 0x000000008b100000| Complete 
| 178|0x000000008b200000, 0x000000008b300000, 0x000000008b300000|100%|HS|  |TAMS 0x000000008b200000| PB 0x000000008b200000| Complete 
| 179|0x000000008b300000, 0x000000008b400000, 0x000000008b400000|100%|HC|  |TAMS 0x000000008b300000| PB 0x000000008b300000| Complete 
| 180|0x000000008b400000, 0x000000008b500000, 0x000000008b500000|100%|HC|  |TAMS 0x000000008b400000| PB 0x000000008b400000| Complete 
| 181|0x000000008b500000, 0x000000008b600000, 0x000000008b600000|100%|HC|  |TAMS 0x000000008b500000| PB 0x000000008b500000| Complete 
| 182|0x000000008b600000, 0x000000008b700000, 0x000000008b700000|100%|HS|  |TAMS 0x000000008b600000| PB 0x000000008b600000| Complete 
| 183|0x000000008b700000, 0x000000008b800000, 0x000000008b800000|100%|HC|  |TAMS 0x000000008b700000| PB 0x000000008b700000| Complete 
| 184|0x000000008b800000, 0x000000008b900000, 0x000000008b900000|100%|HS|  |TAMS 0x000000008b800000| PB 0x000000008b800000| Complete 
| 185|0x000000008b900000, 0x000000008ba00000, 0x000000008ba00000|100%|HC|  |TAMS 0x000000008b900000| PB 0x000000008b900000| Complete 
| 186|0x000000008ba00000, 0x000000008bb00000, 0x000000008bb00000|100%|HS|  |TAMS 0x000000008ba00000| PB 0x000000008ba00000| Complete 
| 187|0x000000008bb00000, 0x000000008bc00000, 0x000000008bc00000|100%|HC|  |TAMS 0x000000008bb00000| PB 0x000000008bb00000| Complete 
| 188|0x000000008bc00000, 0x000000008bd00000, 0x000000008bd00000|100%|HC|  |TAMS 0x000000008bc00000| PB 0x000000008bc00000| Complete 
| 189|0x000000008bd00000, 0x000000008be00000, 0x000000008be00000|100%|HC|  |TAMS 0x000000008bd00000| PB 0x000000008bd00000| Complete 
| 190|0x000000008be00000, 0x000000008bf00000, 0x000000008bf00000|100%|HC|  |TAMS 0x000000008be00000| PB 0x000000008be00000| Complete 
| 191|0x000000008bf00000, 0x000000008c000000, 0x000000008c000000|100%|HS|  |TAMS 0x000000008bf00000| PB 0x000000008bf00000| Complete 
| 192|0x000000008c000000, 0x000000008c100000, 0x000000008c100000|100%|HC|  |TAMS 0x000000008c000000| PB 0x000000008c000000| Complete 
| 193|0x000000008c100000, 0x000000008c200000, 0x000000008c200000|100%|HS|  |TAMS 0x000000008c100000| PB 0x000000008c100000| Complete 
| 194|0x000000008c200000, 0x000000008c300000, 0x000000008c300000|100%|HC|  |TAMS 0x000000008c200000| PB 0x000000008c200000| Complete 
| 195|0x000000008c300000, 0x000000008c400000, 0x000000008c400000|100%|HS|  |TAMS 0x000000008c300000| PB 0x000000008c300000| Complete 
| 196|0x000000008c400000, 0x000000008c500000, 0x000000008c500000|100%|HC|  |TAMS 0x000000008c400000| PB 0x000000008c400000| Complete 
| 197|0x000000008c500000, 0x000000008c600000, 0x000000008c600000|100%|HC|  |TAMS 0x000000008c500000| PB 0x000000008c500000| Complete 
| 198|0x000000008c600000, 0x000000008c700000, 0x000000008c700000|100%|HC|  |TAMS 0x000000008c600000| PB 0x000000008c600000| Complete 
| 199|0x000000008c700000, 0x000000008c800000, 0x000000008c800000|100%|HS|  |TAMS 0x000000008c700000| PB 0x000000008c700000| Complete 
| 200|0x000000008c800000, 0x000000008c900000, 0x000000008c900000|100%|HS|  |TAMS 0x000000008c800000| PB 0x000000008c800000| Complete 
| 201|0x000000008c900000, 0x000000008ca00000, 0x000000008ca00000|100%|HC|  |TAMS 0x000000008c900000| PB 0x000000008c900000| Complete 
| 202|0x000000008ca00000, 0x000000008cb00000, 0x000000008cb00000|100%|HS|  |TAMS 0x000000008ca00000| PB 0x000000008ca00000| Complete 
| 203|0x000000008cb00000, 0x000000008cc00000, 0x000000008cc00000|100%|HC|  |TAMS 0x000000008cb00000| PB 0x000000008cb00000| Complete 
| 204|0x000000008cc00000, 0x000000008cd00000, 0x000000008cd00000|100%|HS|  |TAMS 0x000000008cc00000| PB 0x000000008cc00000| Complete 
| 205|0x000000008cd00000, 0x000000008ce00000, 0x000000008ce00000|100%|HS|  |TAMS 0x000000008cd00000| PB 0x000000008cd00000| Complete 
| 206|0x000000008ce00000, 0x000000008cf00000, 0x000000008cf00000|100%|HC|  |TAMS 0x000000008ce00000| PB 0x000000008ce00000| Complete 
| 207|0x000000008cf00000, 0x000000008d000000, 0x000000008d000000|100%|HC|  |TAMS 0x000000008cf00000| PB 0x000000008cf00000| Complete 
| 208|0x000000008d000000, 0x000000008d100000, 0x000000008d100000|100%|HS|  |TAMS 0x000000008d000000| PB 0x000000008d000000| Complete 
| 209|0x000000008d100000, 0x000000008d200000, 0x000000008d200000|100%| O|  |TAMS 0x000000008d100000| PB 0x000000008d100000| Untracked 
| 210|0x000000008d200000, 0x000000008d300000, 0x000000008d300000|100%|HS|  |TAMS 0x000000008d200000| PB 0x000000008d200000| Complete 
| 211|0x000000008d300000, 0x000000008d400000, 0x000000008d400000|100%|HS|  |TAMS 0x000000008d300000| PB 0x000000008d300000| Complete 
| 212|0x000000008d400000, 0x000000008d500000, 0x000000008d500000|100%| O|  |TAMS 0x000000008d400000| PB 0x000000008d400000| Untracked 
| 213|0x000000008d500000, 0x000000008d600000, 0x000000008d600000|100%| O|Cm|TAMS 0x000000008d500000| PB 0x000000008d500000| Complete 
| 214|0x000000008d600000, 0x000000008d700000, 0x000000008d700000|100%| O|Cm|TAMS 0x000000008d600000| PB 0x000000008d600000| Complete 
| 215|0x000000008d700000, 0x000000008d800000, 0x000000008d800000|100%| O|  |TAMS 0x000000008d700000| PB 0x000000008d700000| Untracked 
| 216|0x000000008d800000, 0x000000008d900000, 0x000000008d900000|100%|HS|  |TAMS 0x000000008d800000| PB 0x000000008d800000| Complete 
| 217|0x000000008d900000, 0x000000008da00000, 0x000000008da00000|100%|HS|  |TAMS 0x000000008d900000| PB 0x000000008d900000| Complete 
| 218|0x000000008da00000, 0x000000008db00000, 0x000000008db00000|100%|HC|  |TAMS 0x000000008da00000| PB 0x000000008da00000| Complete 
| 219|0x000000008db00000, 0x000000008dc00000, 0x000000008dc00000|100%|HC|  |TAMS 0x000000008db00000| PB 0x000000008db00000| Complete 
| 220|0x000000008dc00000, 0x000000008dd00000, 0x000000008dd00000|100%|HC|  |TAMS 0x000000008dc00000| PB 0x000000008dc00000| Complete 
| 221|0x000000008dd00000, 0x000000008de00000, 0x000000008de00000|100%| O|Cm|TAMS 0x000000008dd00000| PB 0x000000008dd00000| Complete 
| 222|0x000000008de00000, 0x000000008df00000, 0x000000008df00000|100%|HS|  |TAMS 0x000000008de00000| PB 0x000000008de00000| Complete 
| 223|0x000000008df00000, 0x000000008e000000, 0x000000008e000000|100%|HS|  |TAMS 0x000000008df00000| PB 0x000000008df00000| Complete 
| 224|0x000000008e000000, 0x000000008e100000, 0x000000008e100000|100%|HS|  |TAMS 0x000000008e000000| PB 0x000000008e000000| Complete 
| 225|0x000000008e100000, 0x000000008e200000, 0x000000008e200000|100%| O|  |TAMS 0x000000008e100000| PB 0x000000008e100000| Untracked 
| 226|0x000000008e200000, 0x000000008e300000, 0x000000008e300000|100%|HS|  |TAMS 0x000000008e200000| PB 0x000000008e200000| Complete 
| 227|0x000000008e300000, 0x000000008e400000, 0x000000008e400000|100%|HS|  |TAMS 0x000000008e300000| PB 0x000000008e300000| Complete 
| 228|0x000000008e400000, 0x000000008e500000, 0x000000008e500000|100%|HS|  |TAMS 0x000000008e400000| PB 0x000000008e400000| Complete 
| 229|0x000000008e500000, 0x000000008e600000, 0x000000008e600000|100%|HS|  |TAMS 0x000000008e500000| PB 0x000000008e500000| Complete 
| 230|0x000000008e600000, 0x000000008e700000, 0x000000008e700000|100%|HC|  |TAMS 0x000000008e600000| PB 0x000000008e600000| Complete 
| 231|0x000000008e700000, 0x000000008e800000, 0x000000008e800000|100%| O|  |TAMS 0x000000008e700000| PB 0x000000008e700000| Untracked 
| 232|0x000000008e800000, 0x000000008e900000, 0x000000008e900000|100%|HS|  |TAMS 0x000000008e800000| PB 0x000000008e800000| Complete 
| 233|0x000000008e900000, 0x000000008ea00000, 0x000000008ea00000|100%|HC|  |TAMS 0x000000008e900000| PB 0x000000008e900000| Complete 
| 234|0x000000008ea00000, 0x000000008eb00000, 0x000000008eb00000|100%|HS|  |TAMS 0x000000008ea00000| PB 0x000000008ea00000| Complete 
| 235|0x000000008eb00000, 0x000000008ec00000, 0x000000008ec00000|100%|HC|  |TAMS 0x000000008eb00000| PB 0x000000008eb00000| Complete 
| 236|0x000000008ec00000, 0x000000008ed00000, 0x000000008ed00000|100%|HC|  |TAMS 0x000000008ec00000| PB 0x000000008ec00000| Complete 
| 237|0x000000008ed00000, 0x000000008ee00000, 0x000000008ee00000|100%|HC|  |TAMS 0x000000008ed00000| PB 0x000000008ed00000| Complete 
| 238|0x000000008ee00000, 0x000000008ef00000, 0x000000008ef00000|100%|HS|  |TAMS 0x000000008ee00000| PB 0x000000008ee00000| Complete 
| 239|0x000000008ef00000, 0x000000008f000000, 0x000000008f000000|100%|HC|  |TAMS 0x000000008ef00000| PB 0x000000008ef00000| Complete 
| 240|0x000000008f000000, 0x000000008f100000, 0x000000008f100000|100%|HS|  |TAMS 0x000000008f000000| PB 0x000000008f000000| Complete 
| 241|0x000000008f100000, 0x000000008f200000, 0x000000008f200000|100%|HC|  |TAMS 0x000000008f100000| PB 0x000000008f100000| Complete 
| 242|0x000000008f200000, 0x000000008f300000, 0x000000008f300000|100%| O|  |TAMS 0x000000008f200000| PB 0x000000008f200000| Untracked 
| 243|0x000000008f300000, 0x000000008f400000, 0x000000008f400000|100%| O|  |TAMS 0x000000008f300000| PB 0x000000008f300000| Untracked 
| 244|0x000000008f400000, 0x000000008f500000, 0x000000008f500000|100%| O|  |TAMS 0x000000008f400000| PB 0x000000008f400000| Untracked 
| 245|0x000000008f500000, 0x000000008f600000, 0x000000008f600000|100%|HS|  |TAMS 0x000000008f500000| PB 0x000000008f500000| Complete 
| 246|0x000000008f600000, 0x000000008f700000, 0x000000008f700000|100%|HC|  |TAMS 0x000000008f600000| PB 0x000000008f600000| Complete 
| 247|0x000000008f700000, 0x000000008f800000, 0x000000008f800000|100%|HC|  |TAMS 0x000000008f700000| PB 0x000000008f700000| Complete 
| 248|0x000000008f800000, 0x000000008f900000, 0x000000008f900000|100%|HC|  |TAMS 0x000000008f800000| PB 0x000000008f800000| Complete 
| 249|0x000000008f900000, 0x000000008fa00000, 0x000000008fa00000|100%|HC|  |TAMS 0x000000008f900000| PB 0x000000008f900000| Complete 
| 250|0x000000008fa00000, 0x000000008fb00000, 0x000000008fb00000|100%|HS|  |TAMS 0x000000008fa00000| PB 0x000000008fa00000| Complete 
| 251|0x000000008fb00000, 0x000000008fc00000, 0x000000008fc00000|100%|HC|  |TAMS 0x000000008fb00000| PB 0x000000008fb00000| Complete 
| 252|0x000000008fc00000, 0x000000008fd00000, 0x000000008fd00000|100%| O|  |TAMS 0x000000008fc00000| PB 0x000000008fc00000| Untracked 
| 253|0x000000008fd00000, 0x000000008fe00000, 0x000000008fe00000|100%| O|  |TAMS 0x000000008fd00000| PB 0x000000008fd00000| Untracked 
| 254|0x000000008fe00000, 0x000000008ff00000, 0x000000008ff00000|100%| O|  |TAMS 0x000000008fe00000| PB 0x000000008fe00000| Untracked 
| 255|0x000000008ff00000, 0x0000000090000000, 0x0000000090000000|100%| O|  |TAMS 0x000000008ff00000| PB 0x000000008ff00000| Untracked 
| 256|0x0000000090000000, 0x0000000090100000, 0x0000000090100000|100%| O|  |TAMS 0x0000000090000000| PB 0x0000000090000000| Untracked 
| 257|0x0000000090100000, 0x0000000090200000, 0x0000000090200000|100%|HS|  |TAMS 0x0000000090100000| PB 0x0000000090100000| Complete 
| 258|0x0000000090200000, 0x0000000090300000, 0x0000000090300000|100%|HC|  |TAMS 0x0000000090200000| PB 0x0000000090200000| Complete 
| 259|0x0000000090300000, 0x0000000090400000, 0x0000000090400000|100%|HC|  |TAMS 0x0000000090300000| PB 0x0000000090300000| Complete 
| 260|0x0000000090400000, 0x0000000090500000, 0x0000000090500000|100%| O|  |TAMS 0x0000000090400000| PB 0x0000000090400000| Untracked 
| 261|0x0000000090500000, 0x0000000090600000, 0x0000000090600000|100%|HS|  |TAMS 0x0000000090500000| PB 0x0000000090500000| Complete 
| 262|0x0000000090600000, 0x0000000090700000, 0x0000000090700000|100%|HS|  |TAMS 0x0000000090600000| PB 0x0000000090600000| Complete 
| 263|0x0000000090700000, 0x0000000090800000, 0x0000000090800000|100%|HS|  |TAMS 0x0000000090700000| PB 0x0000000090700000| Complete 
| 264|0x0000000090800000, 0x0000000090900000, 0x0000000090900000|100%| O|  |TAMS 0x0000000090800000| PB 0x0000000090800000| Untracked 
| 265|0x0000000090900000, 0x0000000090a00000, 0x0000000090a00000|100%| O|  |TAMS 0x0000000090900000| PB 0x0000000090900000| Untracked 
| 266|0x0000000090a00000, 0x0000000090b00000, 0x0000000090b00000|100%| O|  |TAMS 0x0000000090a00000| PB 0x0000000090a00000| Untracked 
| 267|0x0000000090b00000, 0x0000000090c00000, 0x0000000090c00000|100%| O|  |TAMS 0x0000000090b00000| PB 0x0000000090b00000| Untracked 
| 268|0x0000000090c00000, 0x0000000090d00000, 0x0000000090d00000|100%| O|  |TAMS 0x0000000090c00000| PB 0x0000000090c00000| Untracked 
| 269|0x0000000090d00000, 0x0000000090e00000, 0x0000000090e00000|100%| O|  |TAMS 0x0000000090d00000| PB 0x0000000090d00000| Untracked 
| 270|0x0000000090e00000, 0x0000000090f00000, 0x0000000090f00000|100%| O|Cm|TAMS 0x0000000090e00000| PB 0x0000000090e00000| Complete 
| 271|0x0000000090f00000, 0x0000000091000000, 0x0000000091000000|100%| O|Cm|TAMS 0x0000000090f00000| PB 0x0000000090f00000| Complete 
| 272|0x0000000091000000, 0x0000000091100000, 0x0000000091100000|100%|HS|  |TAMS 0x0000000091000000| PB 0x0000000091000000| Complete 
| 273|0x0000000091100000, 0x0000000091200000, 0x0000000091200000|100%| O|  |TAMS 0x0000000091100000| PB 0x0000000091100000| Untracked 
| 274|0x0000000091200000, 0x0000000091300000, 0x0000000091300000|100%| O|  |TAMS 0x0000000091200000| PB 0x0000000091200000| Untracked 
| 275|0x0000000091300000, 0x0000000091400000, 0x0000000091400000|100%| O|  |TAMS 0x0000000091300000| PB 0x0000000091300000| Untracked 
| 276|0x0000000091400000, 0x0000000091500000, 0x0000000091500000|100%| O|  |TAMS 0x0000000091400000| PB 0x0000000091400000| Untracked 
| 277|0x0000000091500000, 0x0000000091600000, 0x0000000091600000|100%| O|  |TAMS 0x0000000091500000| PB 0x0000000091500000| Untracked 
| 278|0x0000000091600000, 0x0000000091700000, 0x0000000091700000|100%| O|  |TAMS 0x0000000091600000| PB 0x0000000091600000| Untracked 
| 279|0x0000000091700000, 0x0000000091800000, 0x0000000091800000|100%| O|  |TAMS 0x0000000091700000| PB 0x0000000091700000| Untracked 
| 280|0x0000000091800000, 0x0000000091900000, 0x0000000091900000|100%| O|  |TAMS 0x0000000091800000| PB 0x0000000091800000| Untracked 
| 281|0x0000000091900000, 0x0000000091a00000, 0x0000000091a00000|100%| O|  |TAMS 0x0000000091900000| PB 0x0000000091900000| Untracked 
| 282|0x0000000091a00000, 0x0000000091b00000, 0x0000000091b00000|100%| O|  |TAMS 0x0000000091a00000| PB 0x0000000091a00000| Untracked 
| 283|0x0000000091b00000, 0x0000000091c00000, 0x0000000091c00000|100%| O|  |TAMS 0x0000000091b00000| PB 0x0000000091b00000| Untracked 
| 284|0x0000000091c00000, 0x0000000091d00000, 0x0000000091d00000|100%| O|  |TAMS 0x0000000091c00000| PB 0x0000000091c00000| Untracked 
| 285|0x0000000091d00000, 0x0000000091e00000, 0x0000000091e00000|100%| O|  |TAMS 0x0000000091d00000| PB 0x0000000091d00000| Untracked 
| 286|0x0000000091e00000, 0x0000000091f00000, 0x0000000091f00000|100%| O|  |TAMS 0x0000000091e00000| PB 0x0000000091e00000| Untracked 
| 287|0x0000000091f00000, 0x0000000092000000, 0x0000000092000000|100%| O|  |TAMS 0x0000000091f00000| PB 0x0000000091f00000| Untracked 
| 288|0x0000000092000000, 0x0000000092100000, 0x0000000092100000|100%| O|  |TAMS 0x0000000092000000| PB 0x0000000092000000| Untracked 
| 289|0x0000000092100000, 0x0000000092200000, 0x0000000092200000|100%| O|  |TAMS 0x0000000092100000| PB 0x0000000092100000| Untracked 
| 290|0x0000000092200000, 0x0000000092300000, 0x0000000092300000|100%| O|  |TAMS 0x0000000092200000| PB 0x0000000092200000| Untracked 
| 291|0x0000000092300000, 0x0000000092400000, 0x0000000092400000|100%| O|  |TAMS 0x0000000092300000| PB 0x0000000092300000| Untracked 
| 292|0x0000000092400000, 0x0000000092500000, 0x0000000092500000|100%| O|  |TAMS 0x0000000092400000| PB 0x0000000092400000| Untracked 
| 293|0x0000000092500000, 0x0000000092600000, 0x0000000092600000|100%| O|  |TAMS 0x0000000092500000| PB 0x0000000092500000| Untracked 
| 294|0x0000000092600000, 0x0000000092700000, 0x0000000092700000|100%| O|  |TAMS 0x0000000092600000| PB 0x0000000092600000| Untracked 
| 295|0x0000000092700000, 0x0000000092800000, 0x0000000092800000|100%| O|  |TAMS 0x0000000092700000| PB 0x0000000092700000| Untracked 
| 296|0x0000000092800000, 0x0000000092900000, 0x0000000092900000|100%| O|  |TAMS 0x0000000092800000| PB 0x0000000092800000| Untracked 
| 297|0x0000000092900000, 0x0000000092a00000, 0x0000000092a00000|100%| O|  |TAMS 0x0000000092900000| PB 0x0000000092900000| Untracked 
| 298|0x0000000092a00000, 0x0000000092b00000, 0x0000000092b00000|100%| O|  |TAMS 0x0000000092a00000| PB 0x0000000092a00000| Untracked 
| 299|0x0000000092b00000, 0x0000000092c00000, 0x0000000092c00000|100%| O|  |TAMS 0x0000000092b00000| PB 0x0000000092b00000| Untracked 
| 300|0x0000000092c00000, 0x0000000092d00000, 0x0000000092d00000|100%| O|  |TAMS 0x0000000092c00000| PB 0x0000000092c00000| Untracked 
| 301|0x0000000092d00000, 0x0000000092e00000, 0x0000000092e00000|100%| O|  |TAMS 0x0000000092d00000| PB 0x0000000092d00000| Untracked 
| 302|0x0000000092e00000, 0x0000000092f00000, 0x0000000092f00000|100%| O|  |TAMS 0x0000000092e00000| PB 0x0000000092e00000| Untracked 
| 303|0x0000000092f00000, 0x0000000093000000, 0x0000000093000000|100%| O|  |TAMS 0x0000000092f00000| PB 0x0000000092f00000| Untracked 
| 304|0x0000000093000000, 0x0000000093100000, 0x0000000093100000|100%| O|  |TAMS 0x0000000093000000| PB 0x0000000093000000| Untracked 
| 305|0x0000000093100000, 0x0000000093200000, 0x0000000093200000|100%| O|  |TAMS 0x0000000093100000| PB 0x0000000093100000| Untracked 
| 306|0x0000000093200000, 0x0000000093300000, 0x0000000093300000|100%| O|  |TAMS 0x0000000093200000| PB 0x0000000093200000| Untracked 
| 307|0x0000000093300000, 0x0000000093400000, 0x0000000093400000|100%| O|  |TAMS 0x0000000093300000| PB 0x0000000093300000| Untracked 
| 308|0x0000000093400000, 0x0000000093500000, 0x0000000093500000|100%| O|  |TAMS 0x0000000093400000| PB 0x0000000093400000| Untracked 
| 309|0x0000000093500000, 0x0000000093600000, 0x0000000093600000|100%| O|  |TAMS 0x0000000093500000| PB 0x0000000093500000| Untracked 
| 310|0x0000000093600000, 0x0000000093700000, 0x0000000093700000|100%| O|  |TAMS 0x0000000093600000| PB 0x0000000093600000| Untracked 
| 311|0x0000000093700000, 0x0000000093800000, 0x0000000093800000|100%| O|  |TAMS 0x0000000093700000| PB 0x0000000093700000| Untracked 
| 312|0x0000000093800000, 0x0000000093900000, 0x0000000093900000|100%| O|  |TAMS 0x0000000093800000| PB 0x0000000093800000| Untracked 
| 313|0x0000000093900000, 0x0000000093a00000, 0x0000000093a00000|100%| O|  |TAMS 0x0000000093900000| PB 0x0000000093900000| Untracked 
| 314|0x0000000093a00000, 0x0000000093b00000, 0x0000000093b00000|100%| O|  |TAMS 0x0000000093a00000| PB 0x0000000093a00000| Untracked 
| 315|0x0000000093b00000, 0x0000000093c00000, 0x0000000093c00000|100%| O|  |TAMS 0x0000000093b00000| PB 0x0000000093b00000| Untracked 
| 316|0x0000000093c00000, 0x0000000093d00000, 0x0000000093d00000|100%| O|  |TAMS 0x0000000093c00000| PB 0x0000000093c00000| Untracked 
| 317|0x0000000093d00000, 0x0000000093e00000, 0x0000000093e00000|100%| O|  |TAMS 0x0000000093d00000| PB 0x0000000093d00000| Untracked 
| 318|0x0000000093e00000, 0x0000000093f00000, 0x0000000093f00000|100%| O|  |TAMS 0x0000000093e00000| PB 0x0000000093e00000| Untracked 
| 319|0x0000000093f00000, 0x0000000094000000, 0x0000000094000000|100%| O|  |TAMS 0x0000000093f00000| PB 0x0000000093f00000| Untracked 
| 320|0x0000000094000000, 0x0000000094100000, 0x0000000094100000|100%| O|  |TAMS 0x0000000094000000| PB 0x0000000094000000| Untracked 
| 321|0x0000000094100000, 0x0000000094200000, 0x0000000094200000|100%| O|  |TAMS 0x0000000094100000| PB 0x0000000094100000| Untracked 
| 322|0x0000000094200000, 0x0000000094300000, 0x0000000094300000|100%| O|  |TAMS 0x0000000094200000| PB 0x0000000094200000| Untracked 
| 323|0x0000000094300000, 0x0000000094400000, 0x0000000094400000|100%|HS|  |TAMS 0x0000000094300000| PB 0x0000000094300000| Complete 
| 324|0x0000000094400000, 0x0000000094500000, 0x0000000094500000|100%|HC|  |TAMS 0x0000000094400000| PB 0x0000000094400000| Complete 
| 325|0x0000000094500000, 0x0000000094600000, 0x0000000094600000|100%| O|  |TAMS 0x0000000094500000| PB 0x0000000094500000| Untracked 
| 326|0x0000000094600000, 0x0000000094700000, 0x0000000094700000|100%| O|  |TAMS 0x0000000094600000| PB 0x0000000094600000| Untracked 
| 327|0x0000000094700000, 0x0000000094800000, 0x0000000094800000|100%| O|  |TAMS 0x0000000094700000| PB 0x0000000094700000| Untracked 
| 328|0x0000000094800000, 0x0000000094900000, 0x0000000094900000|100%| O|  |TAMS 0x0000000094800000| PB 0x0000000094800000| Untracked 
| 329|0x0000000094900000, 0x0000000094a00000, 0x0000000094a00000|100%| O|  |TAMS 0x0000000094900000| PB 0x0000000094900000| Untracked 
| 330|0x0000000094a00000, 0x0000000094b00000, 0x0000000094b00000|100%| O|  |TAMS 0x0000000094a00000| PB 0x0000000094a00000| Untracked 
| 331|0x0000000094b00000, 0x0000000094c00000, 0x0000000094c00000|100%| O|  |TAMS 0x0000000094b00000| PB 0x0000000094b00000| Untracked 
| 332|0x0000000094c00000, 0x0000000094d00000, 0x0000000094d00000|100%| O|Cm|TAMS 0x0000000094c00000| PB 0x0000000094c00000| Complete 
| 333|0x0000000094d00000, 0x0000000094e00000, 0x0000000094e00000|100%| O|Cm|TAMS 0x0000000094d00000| PB 0x0000000094d00000| Complete 
| 334|0x0000000094e00000, 0x0000000094f00000, 0x0000000094f00000|100%| O|Cm|TAMS 0x0000000094e00000| PB 0x0000000094e00000| Complete 
| 335|0x0000000094f00000, 0x0000000095000000, 0x0000000095000000|100%| O|  |TAMS 0x0000000094f00000| PB 0x0000000094f00000| Untracked 
| 336|0x0000000095000000, 0x0000000095100000, 0x0000000095100000|100%| O|  |TAMS 0x0000000095000000| PB 0x0000000095000000| Untracked 
| 337|0x0000000095100000, 0x0000000095200000, 0x0000000095200000|100%| O|  |TAMS 0x0000000095100000| PB 0x0000000095100000| Untracked 
| 338|0x0000000095200000, 0x0000000095300000, 0x0000000095300000|100%| O|  |TAMS 0x0000000095200000| PB 0x0000000095200000| Untracked 
| 339|0x0000000095300000, 0x0000000095400000, 0x0000000095400000|100%| O|  |TAMS 0x0000000095300000| PB 0x0000000095300000| Untracked 
| 340|0x0000000095400000, 0x0000000095500000, 0x0000000095500000|100%| O|  |TAMS 0x0000000095400000| PB 0x0000000095400000| Untracked 
| 341|0x0000000095500000, 0x0000000095600000, 0x0000000095600000|100%| O|  |TAMS 0x0000000095500000| PB 0x0000000095500000| Untracked 
| 342|0x0000000095600000, 0x0000000095700000, 0x0000000095700000|100%| O|  |TAMS 0x0000000095600000| PB 0x0000000095600000| Untracked 
| 343|0x0000000095700000, 0x0000000095800000, 0x0000000095800000|100%| O|  |TAMS 0x0000000095700000| PB 0x0000000095700000| Untracked 
| 344|0x0000000095800000, 0x0000000095900000, 0x0000000095900000|100%| O|  |TAMS 0x0000000095800000| PB 0x0000000095800000| Untracked 
| 345|0x0000000095900000, 0x0000000095a00000, 0x0000000095a00000|100%| O|  |TAMS 0x0000000095900000| PB 0x0000000095900000| Untracked 
| 346|0x0000000095a00000, 0x0000000095b00000, 0x0000000095b00000|100%| O|  |TAMS 0x0000000095a00000| PB 0x0000000095a00000| Untracked 
| 347|0x0000000095b00000, 0x0000000095c00000, 0x0000000095c00000|100%| O|  |TAMS 0x0000000095b00000| PB 0x0000000095b00000| Untracked 
| 348|0x0000000095c00000, 0x0000000095d00000, 0x0000000095d00000|100%| O|  |TAMS 0x0000000095c00000| PB 0x0000000095c00000| Untracked 
| 349|0x0000000095d00000, 0x0000000095e00000, 0x0000000095e00000|100%| O|  |TAMS 0x0000000095d00000| PB 0x0000000095d00000| Untracked 
| 350|0x0000000095e00000, 0x0000000095f00000, 0x0000000095f00000|100%| O|  |TAMS 0x0000000095e00000| PB 0x0000000095e00000| Untracked 
| 351|0x0000000095f00000, 0x0000000096000000, 0x0000000096000000|100%| O|  |TAMS 0x0000000095f00000| PB 0x0000000095f00000| Untracked 
| 352|0x0000000096000000, 0x0000000096100000, 0x0000000096100000|100%| O|  |TAMS 0x0000000096000000| PB 0x0000000096000000| Untracked 
| 353|0x0000000096100000, 0x0000000096200000, 0x0000000096200000|100%| O|  |TAMS 0x0000000096100000| PB 0x0000000096100000| Untracked 
| 354|0x0000000096200000, 0x0000000096300000, 0x0000000096300000|100%| O|  |TAMS 0x0000000096200000| PB 0x0000000096200000| Untracked 
| 355|0x0000000096300000, 0x0000000096400000, 0x0000000096400000|100%| O|  |TAMS 0x0000000096300000| PB 0x0000000096300000| Untracked 
| 356|0x0000000096400000, 0x0000000096500000, 0x0000000096500000|100%| O|  |TAMS 0x0000000096400000| PB 0x0000000096400000| Untracked 
| 357|0x0000000096500000, 0x0000000096600000, 0x0000000096600000|100%| O|  |TAMS 0x0000000096500000| PB 0x0000000096500000| Untracked 
| 358|0x0000000096600000, 0x0000000096700000, 0x0000000096700000|100%| O|  |TAMS 0x0000000096600000| PB 0x0000000096600000| Untracked 
| 359|0x0000000096700000, 0x0000000096800000, 0x0000000096800000|100%| O|  |TAMS 0x0000000096700000| PB 0x0000000096700000| Untracked 
| 360|0x0000000096800000, 0x0000000096900000, 0x0000000096900000|100%| O|  |TAMS 0x0000000096800000| PB 0x0000000096800000| Untracked 
| 361|0x0000000096900000, 0x0000000096a00000, 0x0000000096a00000|100%| O|  |TAMS 0x0000000096900000| PB 0x0000000096900000| Untracked 
| 362|0x0000000096a00000, 0x0000000096b00000, 0x0000000096b00000|100%| O|  |TAMS 0x0000000096a00000| PB 0x0000000096a00000| Untracked 
| 363|0x0000000096b00000, 0x0000000096c00000, 0x0000000096c00000|100%| O|  |TAMS 0x0000000096b00000| PB 0x0000000096b00000| Untracked 
| 364|0x0000000096c00000, 0x0000000096d00000, 0x0000000096d00000|100%| O|  |TAMS 0x0000000096c00000| PB 0x0000000096c00000| Untracked 
| 365|0x0000000096d00000, 0x0000000096e00000, 0x0000000096e00000|100%| O|  |TAMS 0x0000000096d00000| PB 0x0000000096d00000| Untracked 
| 366|0x0000000096e00000, 0x0000000096f00000, 0x0000000096f00000|100%| O|  |TAMS 0x0000000096e00000| PB 0x0000000096e00000| Untracked 
| 367|0x0000000096f00000, 0x0000000097000000, 0x0000000097000000|100%| O|  |TAMS 0x0000000096f00000| PB 0x0000000096f00000| Untracked 
| 368|0x0000000097000000, 0x0000000097100000, 0x0000000097100000|100%| O|  |TAMS 0x0000000097000000| PB 0x0000000097000000| Untracked 
| 369|0x0000000097100000, 0x0000000097200000, 0x0000000097200000|100%| O|  |TAMS 0x0000000097100000| PB 0x0000000097100000| Untracked 
| 370|0x0000000097200000, 0x0000000097300000, 0x0000000097300000|100%| O|  |TAMS 0x0000000097200000| PB 0x0000000097200000| Untracked 
| 371|0x0000000097300000, 0x0000000097400000, 0x0000000097400000|100%| O|  |TAMS 0x0000000097300000| PB 0x0000000097300000| Untracked 
| 372|0x0000000097400000, 0x0000000097500000, 0x0000000097500000|100%| O|  |TAMS 0x0000000097400000| PB 0x0000000097400000| Untracked 
| 373|0x0000000097500000, 0x0000000097600000, 0x0000000097600000|100%| O|  |TAMS 0x0000000097500000| PB 0x0000000097500000| Untracked 
| 374|0x0000000097600000, 0x0000000097700000, 0x0000000097700000|100%| O|  |TAMS 0x0000000097600000| PB 0x0000000097600000| Untracked 
| 375|0x0000000097700000, 0x0000000097800000, 0x0000000097800000|100%| O|  |TAMS 0x0000000097700000| PB 0x0000000097700000| Untracked 
| 376|0x0000000097800000, 0x0000000097900000, 0x0000000097900000|100%| O|  |TAMS 0x0000000097800000| PB 0x0000000097800000| Untracked 
| 377|0x0000000097900000, 0x0000000097a00000, 0x0000000097a00000|100%| O|  |TAMS 0x0000000097900000| PB 0x0000000097900000| Untracked 
| 378|0x0000000097a00000, 0x0000000097b00000, 0x0000000097b00000|100%| O|  |TAMS 0x0000000097a00000| PB 0x0000000097a00000| Untracked 
| 379|0x0000000097b00000, 0x0000000097c00000, 0x0000000097c00000|100%| O|  |TAMS 0x0000000097b00000| PB 0x0000000097b00000| Untracked 
| 380|0x0000000097c00000, 0x0000000097d00000, 0x0000000097d00000|100%| O|  |TAMS 0x0000000097c00000| PB 0x0000000097c00000| Untracked 
| 381|0x0000000097d00000, 0x0000000097e00000, 0x0000000097e00000|100%| O|  |TAMS 0x0000000097d00000| PB 0x0000000097d00000| Untracked 
| 382|0x0000000097e00000, 0x0000000097f00000, 0x0000000097f00000|100%| O|  |TAMS 0x0000000097e00000| PB 0x0000000097e00000| Untracked 
| 383|0x0000000097f00000, 0x0000000098000000, 0x0000000098000000|100%| O|  |TAMS 0x0000000097f00000| PB 0x0000000097f00000| Untracked 
| 384|0x0000000098000000, 0x0000000098100000, 0x0000000098100000|100%| O|  |TAMS 0x0000000098000000| PB 0x0000000098000000| Untracked 
| 385|0x0000000098100000, 0x0000000098200000, 0x0000000098200000|100%| O|  |TAMS 0x0000000098100000| PB 0x0000000098100000| Untracked 
| 386|0x0000000098200000, 0x0000000098300000, 0x0000000098300000|100%| O|  |TAMS 0x0000000098200000| PB 0x0000000098200000| Untracked 
| 387|0x0000000098300000, 0x0000000098400000, 0x0000000098400000|100%| O|  |TAMS 0x0000000098300000| PB 0x0000000098300000| Untracked 
| 388|0x0000000098400000, 0x0000000098500000, 0x0000000098500000|100%| O|  |TAMS 0x0000000098400000| PB 0x0000000098400000| Untracked 
| 389|0x0000000098500000, 0x0000000098600000, 0x0000000098600000|100%| O|  |TAMS 0x0000000098500000| PB 0x0000000098500000| Untracked 
| 390|0x0000000098600000, 0x0000000098700000, 0x0000000098700000|100%| O|  |TAMS 0x0000000098600000| PB 0x0000000098600000| Untracked 
| 391|0x0000000098700000, 0x0000000098800000, 0x0000000098800000|100%| O|  |TAMS 0x0000000098700000| PB 0x0000000098700000| Untracked 
| 392|0x0000000098800000, 0x0000000098900000, 0x0000000098900000|100%| O|  |TAMS 0x0000000098800000| PB 0x0000000098800000| Untracked 
| 393|0x0000000098900000, 0x0000000098a00000, 0x0000000098a00000|100%| O|  |TAMS 0x0000000098900000| PB 0x0000000098900000| Untracked 
| 394|0x0000000098a00000, 0x0000000098b00000, 0x0000000098b00000|100%| O|  |TAMS 0x0000000098a00000| PB 0x0000000098a00000| Untracked 
| 395|0x0000000098b00000, 0x0000000098c00000, 0x0000000098c00000|100%| O|  |TAMS 0x0000000098b00000| PB 0x0000000098b00000| Untracked 
| 396|0x0000000098c00000, 0x0000000098d00000, 0x0000000098d00000|100%| O|  |TAMS 0x0000000098c00000| PB 0x0000000098c00000| Untracked 
| 397|0x0000000098d00000, 0x0000000098e00000, 0x0000000098e00000|100%| O|  |TAMS 0x0000000098d00000| PB 0x0000000098d00000| Untracked 
| 398|0x0000000098e00000, 0x0000000098f00000, 0x0000000098f00000|100%| O|  |TAMS 0x0000000098e00000| PB 0x0000000098e00000| Untracked 
| 399|0x0000000098f00000, 0x0000000099000000, 0x0000000099000000|100%| O|  |TAMS 0x0000000098f00000| PB 0x0000000098f00000| Untracked 
| 400|0x0000000099000000, 0x0000000099100000, 0x0000000099100000|100%| O|  |TAMS 0x0000000099000000| PB 0x0000000099000000| Untracked 
| 401|0x0000000099100000, 0x0000000099200000, 0x0000000099200000|100%| O|  |TAMS 0x0000000099100000| PB 0x0000000099100000| Untracked 
| 402|0x0000000099200000, 0x0000000099300000, 0x0000000099300000|100%| O|  |TAMS 0x0000000099200000| PB 0x0000000099200000| Untracked 
| 403|0x0000000099300000, 0x0000000099400000, 0x0000000099400000|100%| O|  |TAMS 0x0000000099300000| PB 0x0000000099300000| Untracked 
| 404|0x0000000099400000, 0x0000000099500000, 0x0000000099500000|100%| O|  |TAMS 0x0000000099400000| PB 0x0000000099400000| Untracked 
| 405|0x0000000099500000, 0x0000000099600000, 0x0000000099600000|100%| O|  |TAMS 0x0000000099500000| PB 0x0000000099500000| Untracked 
| 406|0x0000000099600000, 0x0000000099700000, 0x0000000099700000|100%| O|  |TAMS 0x0000000099600000| PB 0x0000000099600000| Untracked 
| 407|0x0000000099700000, 0x0000000099800000, 0x0000000099800000|100%| O|  |TAMS 0x0000000099700000| PB 0x0000000099700000| Untracked 
| 408|0x0000000099800000, 0x0000000099900000, 0x0000000099900000|100%| O|  |TAMS 0x0000000099800000| PB 0x0000000099800000| Untracked 
| 409|0x0000000099900000, 0x0000000099a00000, 0x0000000099a00000|100%| O|  |TAMS 0x0000000099900000| PB 0x0000000099900000| Untracked 
| 410|0x0000000099a00000, 0x0000000099b00000, 0x0000000099b00000|100%| O|  |TAMS 0x0000000099a00000| PB 0x0000000099a00000| Untracked 
| 411|0x0000000099b00000, 0x0000000099c00000, 0x0000000099c00000|100%| O|  |TAMS 0x0000000099b00000| PB 0x0000000099b00000| Untracked 
| 412|0x0000000099c00000, 0x0000000099d00000, 0x0000000099d00000|100%| O|  |TAMS 0x0000000099c00000| PB 0x0000000099c00000| Untracked 
| 413|0x0000000099d00000, 0x0000000099e00000, 0x0000000099e00000|100%| O|  |TAMS 0x0000000099d00000| PB 0x0000000099d00000| Untracked 
| 414|0x0000000099e00000, 0x0000000099f00000, 0x0000000099f00000|100%| O|  |TAMS 0x0000000099e00000| PB 0x0000000099e00000| Untracked 
| 415|0x0000000099f00000, 0x000000009a000000, 0x000000009a000000|100%| O|  |TAMS 0x0000000099f00000| PB 0x0000000099f00000| Untracked 
| 416|0x000000009a000000, 0x000000009a100000, 0x000000009a100000|100%| O|  |TAMS 0x000000009a000000| PB 0x000000009a000000| Untracked 
| 417|0x000000009a100000, 0x000000009a200000, 0x000000009a200000|100%| O|  |TAMS 0x000000009a100000| PB 0x000000009a100000| Untracked 
| 418|0x000000009a200000, 0x000000009a300000, 0x000000009a300000|100%| O|  |TAMS 0x000000009a200000| PB 0x000000009a200000| Untracked 
| 419|0x000000009a300000, 0x000000009a400000, 0x000000009a400000|100%| O|  |TAMS 0x000000009a300000| PB 0x000000009a300000| Untracked 
| 420|0x000000009a400000, 0x000000009a500000, 0x000000009a500000|100%| O|  |TAMS 0x000000009a400000| PB 0x000000009a400000| Untracked 
| 421|0x000000009a500000, 0x000000009a600000, 0x000000009a600000|100%| O|  |TAMS 0x000000009a500000| PB 0x000000009a500000| Untracked 
| 422|0x000000009a600000, 0x000000009a700000, 0x000000009a700000|100%| O|  |TAMS 0x000000009a600000| PB 0x000000009a600000| Untracked 
| 423|0x000000009a700000, 0x000000009a800000, 0x000000009a800000|100%|HS|  |TAMS 0x000000009a700000| PB 0x000000009a700000| Complete 
| 424|0x000000009a800000, 0x000000009a900000, 0x000000009a900000|100%|HS|  |TAMS 0x000000009a800000| PB 0x000000009a800000| Complete 
| 425|0x000000009a900000, 0x000000009aa00000, 0x000000009aa00000|100%|HC|  |TAMS 0x000000009a900000| PB 0x000000009a900000| Complete 
| 426|0x000000009aa00000, 0x000000009ab00000, 0x000000009ab00000|100%|HS|  |TAMS 0x000000009aa00000| PB 0x000000009aa00000| Complete 
| 427|0x000000009ab00000, 0x000000009ac00000, 0x000000009ac00000|100%|HS|  |TAMS 0x000000009ab00000| PB 0x000000009ab00000| Complete 
| 428|0x000000009ac00000, 0x000000009ad00000, 0x000000009ad00000|100%|HC|  |TAMS 0x000000009ac00000| PB 0x000000009ac00000| Complete 
| 429|0x000000009ad00000, 0x000000009ad00000, 0x000000009ae00000|  0%| F|  |TAMS 0x000000009ad00000| PB 0x000000009ad00000| Untracked 
| 430|0x000000009ae00000, 0x000000009ae00000, 0x000000009af00000|  0%| F|  |TAMS 0x000000009ae00000| PB 0x000000009ae00000| Untracked 
| 431|0x000000009af00000, 0x000000009af00000, 0x000000009b000000|  0%| F|  |TAMS 0x000000009af00000| PB 0x000000009af00000| Untracked 
| 432|0x000000009b000000, 0x000000009b000000, 0x000000009b100000|  0%| F|  |TAMS 0x000000009b000000| PB 0x000000009b000000| Untracked 
| 433|0x000000009b100000, 0x000000009b100000, 0x000000009b200000|  0%| F|  |TAMS 0x000000009b100000| PB 0x000000009b100000| Untracked 
| 434|0x000000009b200000, 0x000000009b200000, 0x000000009b300000|  0%| F|  |TAMS 0x000000009b200000| PB 0x000000009b200000| Untracked 
| 435|0x000000009b300000, 0x000000009b300000, 0x000000009b400000|  0%| F|  |TAMS 0x000000009b300000| PB 0x000000009b300000| Untracked 
| 436|0x000000009b400000, 0x000000009b400000, 0x000000009b500000|  0%| F|  |TAMS 0x000000009b400000| PB 0x000000009b400000| Untracked 
| 437|0x000000009b500000, 0x000000009b500000, 0x000000009b600000|  0%| F|  |TAMS 0x000000009b500000| PB 0x000000009b500000| Untracked 
| 438|0x000000009b600000, 0x000000009b700000, 0x000000009b700000|100%| O|  |TAMS 0x000000009b600000| PB 0x000000009b600000| Untracked 
| 439|0x000000009b700000, 0x000000009b780000, 0x000000009b800000| 50%| O|  |TAMS 0x000000009b700000| PB 0x000000009b700000| Untracked 
| 440|0x000000009b800000, 0x000000009b800000, 0x000000009b900000|  0%| F|  |TAMS 0x000000009b800000| PB 0x000000009b800000| Untracked 
| 441|0x000000009b900000, 0x000000009b900000, 0x000000009ba00000|  0%| F|  |TAMS 0x000000009b900000| PB 0x000000009b900000| Untracked 
| 442|0x000000009ba00000, 0x000000009ba00000, 0x000000009bb00000|  0%| F|  |TAMS 0x000000009ba00000| PB 0x000000009ba00000| Untracked 
| 443|0x000000009bb00000, 0x000000009bb00000, 0x000000009bc00000|  0%| F|  |TAMS 0x000000009bb00000| PB 0x000000009bb00000| Untracked 
| 444|0x000000009bc00000, 0x000000009bc00000, 0x000000009bd00000|  0%| F|  |TAMS 0x000000009bc00000| PB 0x000000009bc00000| Untracked 
| 445|0x000000009bd00000, 0x000000009bd00000, 0x000000009be00000|  0%| F|  |TAMS 0x000000009bd00000| PB 0x000000009bd00000| Untracked 
| 446|0x000000009be00000, 0x000000009be00000, 0x000000009bf00000|  0%| F|  |TAMS 0x000000009be00000| PB 0x000000009be00000| Untracked 
| 447|0x000000009bf00000, 0x000000009bf00000, 0x000000009c000000|  0%| F|  |TAMS 0x000000009bf00000| PB 0x000000009bf00000| Untracked 
| 448|0x000000009c000000, 0x000000009c000000, 0x000000009c100000|  0%| F|  |TAMS 0x000000009c000000| PB 0x000000009c000000| Untracked 
| 449|0x000000009c100000, 0x000000009c100000, 0x000000009c200000|  0%| F|  |TAMS 0x000000009c100000| PB 0x000000009c100000| Untracked 
| 450|0x000000009c200000, 0x000000009c200000, 0x000000009c300000|  0%| F|  |TAMS 0x000000009c200000| PB 0x000000009c200000| Untracked 
| 451|0x000000009c300000, 0x000000009c300000, 0x000000009c400000|  0%| F|  |TAMS 0x000000009c300000| PB 0x000000009c300000| Untracked 
| 452|0x000000009c400000, 0x000000009c400000, 0x000000009c500000|  0%| F|  |TAMS 0x000000009c400000| PB 0x000000009c400000| Untracked 
| 453|0x000000009c500000, 0x000000009c500000, 0x000000009c600000|  0%| F|  |TAMS 0x000000009c500000| PB 0x000000009c500000| Untracked 
| 454|0x000000009c600000, 0x000000009c600000, 0x000000009c700000|  0%| F|  |TAMS 0x000000009c600000| PB 0x000000009c600000| Untracked 
| 455|0x000000009c700000, 0x000000009c700000, 0x000000009c800000|  0%| F|  |TAMS 0x000000009c700000| PB 0x000000009c700000| Untracked 
| 456|0x000000009c800000, 0x000000009c800000, 0x000000009c900000|  0%| F|  |TAMS 0x000000009c800000| PB 0x000000009c800000| Untracked 
| 457|0x000000009c900000, 0x000000009ca00000, 0x000000009ca00000|100%| S|CS|TAMS 0x000000009c900000| PB 0x000000009c900000| Complete 
| 458|0x000000009ca00000, 0x000000009cb00000, 0x000000009cb00000|100%| S|CS|TAMS 0x000000009ca00000| PB 0x000000009ca00000| Complete 
| 459|0x000000009cb00000, 0x000000009cc00000, 0x000000009cc00000|100%| S|CS|TAMS 0x000000009cb00000| PB 0x000000009cb00000| Complete 
| 460|0x000000009cc00000, 0x000000009cd00000, 0x000000009cd00000|100%| S|CS|TAMS 0x000000009cc00000| PB 0x000000009cc00000| Complete 
| 461|0x000000009cd00000, 0x000000009ce00000, 0x000000009ce00000|100%| S|CS|TAMS 0x000000009cd00000| PB 0x000000009cd00000| Complete 
| 462|0x000000009ce00000, 0x000000009cf00000, 0x000000009cf00000|100%| S|CS|TAMS 0x000000009ce00000| PB 0x000000009ce00000| Complete 
| 463|0x000000009cf00000, 0x000000009d000000, 0x000000009d000000|100%| S|CS|TAMS 0x000000009cf00000| PB 0x000000009cf00000| Complete 
| 464|0x000000009d000000, 0x000000009d100000, 0x000000009d100000|100%| S|CS|TAMS 0x000000009d000000| PB 0x000000009d000000| Complete 
| 465|0x000000009d100000, 0x000000009d200000, 0x000000009d200000|100%| S|CS|TAMS 0x000000009d100000| PB 0x000000009d100000| Complete 
| 466|0x000000009d200000, 0x000000009d300000, 0x000000009d300000|100%| S|CS|TAMS 0x000000009d200000| PB 0x000000009d200000| Complete 
| 467|0x000000009d300000, 0x000000009d300000, 0x000000009d400000|  0%| F|  |TAMS 0x000000009d300000| PB 0x000000009d300000| Untracked 
| 468|0x000000009d400000, 0x000000009d400000, 0x000000009d500000|  0%| F|  |TAMS 0x000000009d400000| PB 0x000000009d400000| Untracked 
| 469|0x000000009d500000, 0x000000009d500000, 0x000000009d600000|  0%| F|  |TAMS 0x000000009d500000| PB 0x000000009d500000| Untracked 
| 470|0x000000009d600000, 0x000000009d600000, 0x000000009d700000|  0%| F|  |TAMS 0x000000009d600000| PB 0x000000009d600000| Untracked 
| 471|0x000000009d700000, 0x000000009d700000, 0x000000009d800000|  0%| F|  |TAMS 0x000000009d700000| PB 0x000000009d700000| Untracked 
| 472|0x000000009d800000, 0x000000009d800000, 0x000000009d900000|  0%| F|  |TAMS 0x000000009d800000| PB 0x000000009d800000| Untracked 
| 473|0x000000009d900000, 0x000000009d900000, 0x000000009da00000|  0%| F|  |TAMS 0x000000009d900000| PB 0x000000009d900000| Untracked 
| 474|0x000000009da00000, 0x000000009da00000, 0x000000009db00000|  0%| F|  |TAMS 0x000000009da00000| PB 0x000000009da00000| Untracked 
| 475|0x000000009db00000, 0x000000009db00000, 0x000000009dc00000|  0%| F|  |TAMS 0x000000009db00000| PB 0x000000009db00000| Untracked 
| 476|0x000000009dc00000, 0x000000009dc00000, 0x000000009dd00000|  0%| F|  |TAMS 0x000000009dc00000| PB 0x000000009dc00000| Untracked 
| 477|0x000000009dd00000, 0x000000009dd00000, 0x000000009de00000|  0%| F|  |TAMS 0x000000009dd00000| PB 0x000000009dd00000| Untracked 
| 478|0x000000009de00000, 0x000000009de00000, 0x000000009df00000|  0%| F|  |TAMS 0x000000009de00000| PB 0x000000009de00000| Untracked 
| 479|0x000000009df00000, 0x000000009df00000, 0x000000009e000000|  0%| F|  |TAMS 0x000000009df00000| PB 0x000000009df00000| Untracked 
| 480|0x000000009e000000, 0x000000009e000000, 0x000000009e100000|  0%| F|  |TAMS 0x000000009e000000| PB 0x000000009e000000| Untracked 
| 481|0x000000009e100000, 0x000000009e100000, 0x000000009e200000|  0%| F|  |TAMS 0x000000009e100000| PB 0x000000009e100000| Untracked 
| 482|0x000000009e200000, 0x000000009e200000, 0x000000009e300000|  0%| F|  |TAMS 0x000000009e200000| PB 0x000000009e200000| Untracked 
| 483|0x000000009e300000, 0x000000009e300000, 0x000000009e400000|  0%| F|  |TAMS 0x000000009e300000| PB 0x000000009e300000| Untracked 
| 484|0x000000009e400000, 0x000000009e400000, 0x000000009e500000|  0%| F|  |TAMS 0x000000009e400000| PB 0x000000009e400000| Untracked 
| 485|0x000000009e500000, 0x000000009e500000, 0x000000009e600000|  0%| F|  |TAMS 0x000000009e500000| PB 0x000000009e500000| Untracked 
| 486|0x000000009e600000, 0x000000009e600000, 0x000000009e700000|  0%| F|  |TAMS 0x000000009e600000| PB 0x000000009e600000| Untracked 
| 487|0x000000009e700000, 0x000000009e700000, 0x000000009e800000|  0%| F|  |TAMS 0x000000009e700000| PB 0x000000009e700000| Untracked 
| 488|0x000000009e800000, 0x000000009e800000, 0x000000009e900000|  0%| F|  |TAMS 0x000000009e800000| PB 0x000000009e800000| Untracked 
| 489|0x000000009e900000, 0x000000009e900000, 0x000000009ea00000|  0%| F|  |TAMS 0x000000009e900000| PB 0x000000009e900000| Untracked 
| 490|0x000000009ea00000, 0x000000009ea00000, 0x000000009eb00000|  0%| F|  |TAMS 0x000000009ea00000| PB 0x000000009ea00000| Untracked 
| 491|0x000000009eb00000, 0x000000009eb00000, 0x000000009ec00000|  0%| F|  |TAMS 0x000000009eb00000| PB 0x000000009eb00000| Untracked 
| 492|0x000000009ec00000, 0x000000009ec00000, 0x000000009ed00000|  0%| F|  |TAMS 0x000000009ec00000| PB 0x000000009ec00000| Untracked 
| 493|0x000000009ed00000, 0x000000009ed00000, 0x000000009ee00000|  0%| F|  |TAMS 0x000000009ed00000| PB 0x000000009ed00000| Untracked 
| 494|0x000000009ee00000, 0x000000009ee00000, 0x000000009ef00000|  0%| F|  |TAMS 0x000000009ee00000| PB 0x000000009ee00000| Untracked 
| 495|0x000000009ef00000, 0x000000009ef00000, 0x000000009f000000|  0%| F|  |TAMS 0x000000009ef00000| PB 0x000000009ef00000| Untracked 
| 496|0x000000009f000000, 0x000000009f000000, 0x000000009f100000|  0%| F|  |TAMS 0x000000009f000000| PB 0x000000009f000000| Untracked 
| 497|0x000000009f100000, 0x000000009f100000, 0x000000009f200000|  0%| F|  |TAMS 0x000000009f100000| PB 0x000000009f100000| Untracked 
| 498|0x000000009f200000, 0x000000009f200000, 0x000000009f300000|  0%| F|  |TAMS 0x000000009f200000| PB 0x000000009f200000| Untracked 
| 499|0x000000009f300000, 0x000000009f300000, 0x000000009f400000|  0%| F|  |TAMS 0x000000009f300000| PB 0x000000009f300000| Untracked 
| 500|0x000000009f400000, 0x000000009f400000, 0x000000009f500000|  0%| F|  |TAMS 0x000000009f400000| PB 0x000000009f400000| Untracked 
| 501|0x000000009f500000, 0x000000009f500000, 0x000000009f600000|  0%| F|  |TAMS 0x000000009f500000| PB 0x000000009f500000| Untracked 
| 502|0x000000009f600000, 0x000000009f600000, 0x000000009f700000|  0%| F|  |TAMS 0x000000009f600000| PB 0x000000009f600000| Untracked 
| 503|0x000000009f700000, 0x000000009f700000, 0x000000009f800000|  0%| F|  |TAMS 0x000000009f700000| PB 0x000000009f700000| Untracked 
| 504|0x000000009f800000, 0x000000009f800000, 0x000000009f900000|  0%| F|  |TAMS 0x000000009f800000| PB 0x000000009f800000| Untracked 
| 505|0x000000009f900000, 0x000000009f900000, 0x000000009fa00000|  0%| F|  |TAMS 0x000000009f900000| PB 0x000000009f900000| Untracked 
| 506|0x000000009fa00000, 0x000000009fa00000, 0x000000009fb00000|  0%| F|  |TAMS 0x000000009fa00000| PB 0x000000009fa00000| Untracked 
| 507|0x000000009fb00000, 0x000000009fb00000, 0x000000009fc00000|  0%| F|  |TAMS 0x000000009fb00000| PB 0x000000009fb00000| Untracked 
| 508|0x000000009fc00000, 0x000000009fc00000, 0x000000009fd00000|  0%| F|  |TAMS 0x000000009fc00000| PB 0x000000009fc00000| Untracked 
| 509|0x000000009fd00000, 0x000000009fd00000, 0x000000009fe00000|  0%| F|  |TAMS 0x000000009fd00000| PB 0x000000009fd00000| Untracked 
| 510|0x000000009fe00000, 0x000000009fe00000, 0x000000009ff00000|  0%| F|  |TAMS 0x000000009fe00000| PB 0x000000009fe00000| Untracked 
| 511|0x000000009ff00000, 0x000000009ff00000, 0x00000000a0000000|  0%| F|  |TAMS 0x000000009ff00000| PB 0x000000009ff00000| Untracked 
| 512|0x00000000a0000000, 0x00000000a0000000, 0x00000000a0100000|  0%| F|  |TAMS 0x00000000a0000000| PB 0x00000000a0000000| Untracked 
| 513|0x00000000a0100000, 0x00000000a0100000, 0x00000000a0200000|  0%| F|  |TAMS 0x00000000a0100000| PB 0x00000000a0100000| Untracked 
| 514|0x00000000a0200000, 0x00000000a0200000, 0x00000000a0300000|  0%| F|  |TAMS 0x00000000a0200000| PB 0x00000000a0200000| Untracked 
| 515|0x00000000a0300000, 0x00000000a0300000, 0x00000000a0400000|  0%| F|  |TAMS 0x00000000a0300000| PB 0x00000000a0300000| Untracked 
| 516|0x00000000a0400000, 0x00000000a0400000, 0x00000000a0500000|  0%| F|  |TAMS 0x00000000a0400000| PB 0x00000000a0400000| Untracked 
| 517|0x00000000a0500000, 0x00000000a0500000, 0x00000000a0600000|  0%| F|  |TAMS 0x00000000a0500000| PB 0x00000000a0500000| Untracked 
| 518|0x00000000a0600000, 0x00000000a0600000, 0x00000000a0700000|  0%| F|  |TAMS 0x00000000a0600000| PB 0x00000000a0600000| Untracked 
| 519|0x00000000a0700000, 0x00000000a0700000, 0x00000000a0800000|  0%| F|  |TAMS 0x00000000a0700000| PB 0x00000000a0700000| Untracked 
| 520|0x00000000a0800000, 0x00000000a0800000, 0x00000000a0900000|  0%| F|  |TAMS 0x00000000a0800000| PB 0x00000000a0800000| Untracked 
| 521|0x00000000a0900000, 0x00000000a0900000, 0x00000000a0a00000|  0%| F|  |TAMS 0x00000000a0900000| PB 0x00000000a0900000| Untracked 
| 522|0x00000000a0a00000, 0x00000000a0a00000, 0x00000000a0b00000|  0%| F|  |TAMS 0x00000000a0a00000| PB 0x00000000a0a00000| Untracked 
| 523|0x00000000a0b00000, 0x00000000a0b00000, 0x00000000a0c00000|  0%| F|  |TAMS 0x00000000a0b00000| PB 0x00000000a0b00000| Untracked 
| 524|0x00000000a0c00000, 0x00000000a0c00000, 0x00000000a0d00000|  0%| F|  |TAMS 0x00000000a0c00000| PB 0x00000000a0c00000| Untracked 
| 525|0x00000000a0d00000, 0x00000000a0d00000, 0x00000000a0e00000|  0%| F|  |TAMS 0x00000000a0d00000| PB 0x00000000a0d00000| Untracked 
| 526|0x00000000a0e00000, 0x00000000a0e00000, 0x00000000a0f00000|  0%| F|  |TAMS 0x00000000a0e00000| PB 0x00000000a0e00000| Untracked 
| 527|0x00000000a0f00000, 0x00000000a0f00000, 0x00000000a1000000|  0%| F|  |TAMS 0x00000000a0f00000| PB 0x00000000a0f00000| Untracked 
| 528|0x00000000a1000000, 0x00000000a1000000, 0x00000000a1100000|  0%| F|  |TAMS 0x00000000a1000000| PB 0x00000000a1000000| Untracked 
| 529|0x00000000a1100000, 0x00000000a1100000, 0x00000000a1200000|  0%| F|  |TAMS 0x00000000a1100000| PB 0x00000000a1100000| Untracked 
| 530|0x00000000a1200000, 0x00000000a1200000, 0x00000000a1300000|  0%| F|  |TAMS 0x00000000a1200000| PB 0x00000000a1200000| Untracked 
| 531|0x00000000a1300000, 0x00000000a1300000, 0x00000000a1400000|  0%| F|  |TAMS 0x00000000a1300000| PB 0x00000000a1300000| Untracked 
| 532|0x00000000a1400000, 0x00000000a1400000, 0x00000000a1500000|  0%| F|  |TAMS 0x00000000a1400000| PB 0x00000000a1400000| Untracked 
| 533|0x00000000a1500000, 0x00000000a1500000, 0x00000000a1600000|  0%| F|  |TAMS 0x00000000a1500000| PB 0x00000000a1500000| Untracked 
| 534|0x00000000a1600000, 0x00000000a1600000, 0x00000000a1700000|  0%| F|  |TAMS 0x00000000a1600000| PB 0x00000000a1600000| Untracked 
| 535|0x00000000a1700000, 0x00000000a1700000, 0x00000000a1800000|  0%| F|  |TAMS 0x00000000a1700000| PB 0x00000000a1700000| Untracked 
| 536|0x00000000a1800000, 0x00000000a1800000, 0x00000000a1900000|  0%| F|  |TAMS 0x00000000a1800000| PB 0x00000000a1800000| Untracked 
| 537|0x00000000a1900000, 0x00000000a1900000, 0x00000000a1a00000|  0%| F|  |TAMS 0x00000000a1900000| PB 0x00000000a1900000| Untracked 
| 538|0x00000000a1a00000, 0x00000000a1a00000, 0x00000000a1b00000|  0%| F|  |TAMS 0x00000000a1a00000| PB 0x00000000a1a00000| Untracked 
| 539|0x00000000a1b00000, 0x00000000a1b00000, 0x00000000a1c00000|  0%| F|  |TAMS 0x00000000a1b00000| PB 0x00000000a1b00000| Untracked 
| 540|0x00000000a1c00000, 0x00000000a1c00000, 0x00000000a1d00000|  0%| F|  |TAMS 0x00000000a1c00000| PB 0x00000000a1c00000| Untracked 
| 541|0x00000000a1d00000, 0x00000000a1d00000, 0x00000000a1e00000|  0%| F|  |TAMS 0x00000000a1d00000| PB 0x00000000a1d00000| Untracked 
| 542|0x00000000a1e00000, 0x00000000a1e00000, 0x00000000a1f00000|  0%| F|  |TAMS 0x00000000a1e00000| PB 0x00000000a1e00000| Untracked 
| 543|0x00000000a1f00000, 0x00000000a1f00000, 0x00000000a2000000|  0%| F|  |TAMS 0x00000000a1f00000| PB 0x00000000a1f00000| Untracked 
| 544|0x00000000a2000000, 0x00000000a2000000, 0x00000000a2100000|  0%| F|  |TAMS 0x00000000a2000000| PB 0x00000000a2000000| Untracked 
| 545|0x00000000a2100000, 0x00000000a2100000, 0x00000000a2200000|  0%| F|  |TAMS 0x00000000a2100000| PB 0x00000000a2100000| Untracked 
| 546|0x00000000a2200000, 0x00000000a2200000, 0x00000000a2300000|  0%| F|  |TAMS 0x00000000a2200000| PB 0x00000000a2200000| Untracked 
| 547|0x00000000a2300000, 0x00000000a2300000, 0x00000000a2400000|  0%| F|  |TAMS 0x00000000a2300000| PB 0x00000000a2300000| Untracked 
| 548|0x00000000a2400000, 0x00000000a2400000, 0x00000000a2500000|  0%| F|  |TAMS 0x00000000a2400000| PB 0x00000000a2400000| Untracked 
| 549|0x00000000a2500000, 0x00000000a2500000, 0x00000000a2600000|  0%| F|  |TAMS 0x00000000a2500000| PB 0x00000000a2500000| Untracked 
| 550|0x00000000a2600000, 0x00000000a2600000, 0x00000000a2700000|  0%| F|  |TAMS 0x00000000a2600000| PB 0x00000000a2600000| Untracked 
| 551|0x00000000a2700000, 0x00000000a2700000, 0x00000000a2800000|  0%| F|  |TAMS 0x00000000a2700000| PB 0x00000000a2700000| Untracked 
| 552|0x00000000a2800000, 0x00000000a2800000, 0x00000000a2900000|  0%| F|  |TAMS 0x00000000a2800000| PB 0x00000000a2800000| Untracked 
| 553|0x00000000a2900000, 0x00000000a2900000, 0x00000000a2a00000|  0%| F|  |TAMS 0x00000000a2900000| PB 0x00000000a2900000| Untracked 
| 554|0x00000000a2a00000, 0x00000000a2a00000, 0x00000000a2b00000|  0%| F|  |TAMS 0x00000000a2a00000| PB 0x00000000a2a00000| Untracked 
| 555|0x00000000a2b00000, 0x00000000a2b00000, 0x00000000a2c00000|  0%| F|  |TAMS 0x00000000a2b00000| PB 0x00000000a2b00000| Untracked 
| 556|0x00000000a2c00000, 0x00000000a2c00000, 0x00000000a2d00000|  0%| F|  |TAMS 0x00000000a2c00000| PB 0x00000000a2c00000| Untracked 
| 557|0x00000000a2d00000, 0x00000000a2d00000, 0x00000000a2e00000|  0%| F|  |TAMS 0x00000000a2d00000| PB 0x00000000a2d00000| Untracked 
| 558|0x00000000a2e00000, 0x00000000a2e00000, 0x00000000a2f00000|  0%| F|  |TAMS 0x00000000a2e00000| PB 0x00000000a2e00000| Untracked 
| 559|0x00000000a2f00000, 0x00000000a2f00000, 0x00000000a3000000|  0%| F|  |TAMS 0x00000000a2f00000| PB 0x00000000a2f00000| Untracked 
| 560|0x00000000a3000000, 0x00000000a3000000, 0x00000000a3100000|  0%| F|  |TAMS 0x00000000a3000000| PB 0x00000000a3000000| Untracked 
| 561|0x00000000a3100000, 0x00000000a3100000, 0x00000000a3200000|  0%| F|  |TAMS 0x00000000a3100000| PB 0x00000000a3100000| Untracked 
| 562|0x00000000a3200000, 0x00000000a3200000, 0x00000000a3300000|  0%| F|  |TAMS 0x00000000a3200000| PB 0x00000000a3200000| Untracked 
| 563|0x00000000a3300000, 0x00000000a3300000, 0x00000000a3400000|  0%| F|  |TAMS 0x00000000a3300000| PB 0x00000000a3300000| Untracked 
| 564|0x00000000a3400000, 0x00000000a3400000, 0x00000000a3500000|  0%| F|  |TAMS 0x00000000a3400000| PB 0x00000000a3400000| Untracked 
| 565|0x00000000a3500000, 0x00000000a3500000, 0x00000000a3600000|  0%| F|  |TAMS 0x00000000a3500000| PB 0x00000000a3500000| Untracked 
| 566|0x00000000a3600000, 0x00000000a3600000, 0x00000000a3700000|  0%| F|  |TAMS 0x00000000a3600000| PB 0x00000000a3600000| Untracked 
| 567|0x00000000a3700000, 0x00000000a3700000, 0x00000000a3800000|  0%| F|  |TAMS 0x00000000a3700000| PB 0x00000000a3700000| Untracked 
| 568|0x00000000a3800000, 0x00000000a3800000, 0x00000000a3900000|  0%| F|  |TAMS 0x00000000a3800000| PB 0x00000000a3800000| Untracked 
| 569|0x00000000a3900000, 0x00000000a3900000, 0x00000000a3a00000|  0%| F|  |TAMS 0x00000000a3900000| PB 0x00000000a3900000| Untracked 
| 570|0x00000000a3a00000, 0x00000000a3a00000, 0x00000000a3b00000|  0%| F|  |TAMS 0x00000000a3a00000| PB 0x00000000a3a00000| Untracked 
| 571|0x00000000a3b00000, 0x00000000a3b00000, 0x00000000a3c00000|  0%| F|  |TAMS 0x00000000a3b00000| PB 0x00000000a3b00000| Untracked 
| 572|0x00000000a3c00000, 0x00000000a3c00000, 0x00000000a3d00000|  0%| F|  |TAMS 0x00000000a3c00000| PB 0x00000000a3c00000| Untracked 
| 573|0x00000000a3d00000, 0x00000000a3d00000, 0x00000000a3e00000|  0%| F|  |TAMS 0x00000000a3d00000| PB 0x00000000a3d00000| Untracked 
| 574|0x00000000a3e00000, 0x00000000a3e00000, 0x00000000a3f00000|  0%| F|  |TAMS 0x00000000a3e00000| PB 0x00000000a3e00000| Untracked 
| 575|0x00000000a3f00000, 0x00000000a3f00000, 0x00000000a4000000|  0%| F|  |TAMS 0x00000000a3f00000| PB 0x00000000a3f00000| Untracked 
| 576|0x00000000a4000000, 0x00000000a4000000, 0x00000000a4100000|  0%| F|  |TAMS 0x00000000a4000000| PB 0x00000000a4000000| Untracked 
| 577|0x00000000a4100000, 0x00000000a4100000, 0x00000000a4200000|  0%| F|  |TAMS 0x00000000a4100000| PB 0x00000000a4100000| Untracked 
| 578|0x00000000a4200000, 0x00000000a4200000, 0x00000000a4300000|  0%| F|  |TAMS 0x00000000a4200000| PB 0x00000000a4200000| Untracked 
| 579|0x00000000a4300000, 0x00000000a4300000, 0x00000000a4400000|  0%| F|  |TAMS 0x00000000a4300000| PB 0x00000000a4300000| Untracked 
| 580|0x00000000a4400000, 0x00000000a4400000, 0x00000000a4500000|  0%| F|  |TAMS 0x00000000a4400000| PB 0x00000000a4400000| Untracked 
| 581|0x00000000a4500000, 0x00000000a4500000, 0x00000000a4600000|  0%| F|  |TAMS 0x00000000a4500000| PB 0x00000000a4500000| Untracked 
| 582|0x00000000a4600000, 0x00000000a4600000, 0x00000000a4700000|  0%| F|  |TAMS 0x00000000a4600000| PB 0x00000000a4600000| Untracked 
| 583|0x00000000a4700000, 0x00000000a4700000, 0x00000000a4800000|  0%| F|  |TAMS 0x00000000a4700000| PB 0x00000000a4700000| Untracked 
| 584|0x00000000a4800000, 0x00000000a4800000, 0x00000000a4900000|  0%| F|  |TAMS 0x00000000a4800000| PB 0x00000000a4800000| Untracked 
| 585|0x00000000a4900000, 0x00000000a4900000, 0x00000000a4a00000|  0%| F|  |TAMS 0x00000000a4900000| PB 0x00000000a4900000| Untracked 
| 586|0x00000000a4a00000, 0x00000000a4a00000, 0x00000000a4b00000|  0%| F|  |TAMS 0x00000000a4a00000| PB 0x00000000a4a00000| Untracked 
| 587|0x00000000a4b00000, 0x00000000a4b00000, 0x00000000a4c00000|  0%| F|  |TAMS 0x00000000a4b00000| PB 0x00000000a4b00000| Untracked 
| 588|0x00000000a4c00000, 0x00000000a4c00000, 0x00000000a4d00000|  0%| F|  |TAMS 0x00000000a4c00000| PB 0x00000000a4c00000| Untracked 
| 589|0x00000000a4d00000, 0x00000000a4d00000, 0x00000000a4e00000|  0%| F|  |TAMS 0x00000000a4d00000| PB 0x00000000a4d00000| Untracked 
| 590|0x00000000a4e00000, 0x00000000a4e00000, 0x00000000a4f00000|  0%| F|  |TAMS 0x00000000a4e00000| PB 0x00000000a4e00000| Untracked 
| 591|0x00000000a4f00000, 0x00000000a4f00000, 0x00000000a5000000|  0%| F|  |TAMS 0x00000000a4f00000| PB 0x00000000a4f00000| Untracked 
| 592|0x00000000a5000000, 0x00000000a5000000, 0x00000000a5100000|  0%| F|  |TAMS 0x00000000a5000000| PB 0x00000000a5000000| Untracked 
| 593|0x00000000a5100000, 0x00000000a5100000, 0x00000000a5200000|  0%| F|  |TAMS 0x00000000a5100000| PB 0x00000000a5100000| Untracked 
| 594|0x00000000a5200000, 0x00000000a5200000, 0x00000000a5300000|  0%| F|  |TAMS 0x00000000a5200000| PB 0x00000000a5200000| Untracked 
| 595|0x00000000a5300000, 0x00000000a5300000, 0x00000000a5400000|  0%| F|  |TAMS 0x00000000a5300000| PB 0x00000000a5300000| Untracked 
| 596|0x00000000a5400000, 0x00000000a5400000, 0x00000000a5500000|  0%| F|  |TAMS 0x00000000a5400000| PB 0x00000000a5400000| Untracked 
| 597|0x00000000a5500000, 0x00000000a5500000, 0x00000000a5600000|  0%| F|  |TAMS 0x00000000a5500000| PB 0x00000000a5500000| Untracked 
| 598|0x00000000a5600000, 0x00000000a5600000, 0x00000000a5700000|  0%| F|  |TAMS 0x00000000a5600000| PB 0x00000000a5600000| Untracked 
| 599|0x00000000a5700000, 0x00000000a5700000, 0x00000000a5800000|  0%| F|  |TAMS 0x00000000a5700000| PB 0x00000000a5700000| Untracked 
| 600|0x00000000a5800000, 0x00000000a5800000, 0x00000000a5900000|  0%| F|  |TAMS 0x00000000a5800000| PB 0x00000000a5800000| Untracked 
| 601|0x00000000a5900000, 0x00000000a5900000, 0x00000000a5a00000|  0%| F|  |TAMS 0x00000000a5900000| PB 0x00000000a5900000| Untracked 
| 602|0x00000000a5a00000, 0x00000000a5a00000, 0x00000000a5b00000|  0%| F|  |TAMS 0x00000000a5a00000| PB 0x00000000a5a00000| Untracked 
| 603|0x00000000a5b00000, 0x00000000a5b00000, 0x00000000a5c00000|  0%| F|  |TAMS 0x00000000a5b00000| PB 0x00000000a5b00000| Untracked 
| 604|0x00000000a5c00000, 0x00000000a5c00000, 0x00000000a5d00000|  0%| F|  |TAMS 0x00000000a5c00000| PB 0x00000000a5c00000| Untracked 
| 605|0x00000000a5d00000, 0x00000000a5d00000, 0x00000000a5e00000|  0%| F|  |TAMS 0x00000000a5d00000| PB 0x00000000a5d00000| Untracked 
| 606|0x00000000a5e00000, 0x00000000a5e00000, 0x00000000a5f00000|  0%| F|  |TAMS 0x00000000a5e00000| PB 0x00000000a5e00000| Untracked 
| 607|0x00000000a5f00000, 0x00000000a5f00000, 0x00000000a6000000|  0%| F|  |TAMS 0x00000000a5f00000| PB 0x00000000a5f00000| Untracked 
| 608|0x00000000a6000000, 0x00000000a6000000, 0x00000000a6100000|  0%| F|  |TAMS 0x00000000a6000000| PB 0x00000000a6000000| Untracked 
| 609|0x00000000a6100000, 0x00000000a6100000, 0x00000000a6200000|  0%| F|  |TAMS 0x00000000a6100000| PB 0x00000000a6100000| Untracked 
| 610|0x00000000a6200000, 0x00000000a6200000, 0x00000000a6300000|  0%| F|  |TAMS 0x00000000a6200000| PB 0x00000000a6200000| Untracked 
| 611|0x00000000a6300000, 0x00000000a6300000, 0x00000000a6400000|  0%| F|  |TAMS 0x00000000a6300000| PB 0x00000000a6300000| Untracked 
| 612|0x00000000a6400000, 0x00000000a6400000, 0x00000000a6500000|  0%| F|  |TAMS 0x00000000a6400000| PB 0x00000000a6400000| Untracked 
| 613|0x00000000a6500000, 0x00000000a6500000, 0x00000000a6600000|  0%| F|  |TAMS 0x00000000a6500000| PB 0x00000000a6500000| Untracked 
| 614|0x00000000a6600000, 0x00000000a6600000, 0x00000000a6700000|  0%| F|  |TAMS 0x00000000a6600000| PB 0x00000000a6600000| Untracked 
| 615|0x00000000a6700000, 0x00000000a6700000, 0x00000000a6800000|  0%| F|  |TAMS 0x00000000a6700000| PB 0x00000000a6700000| Untracked 
| 616|0x00000000a6800000, 0x00000000a6800000, 0x00000000a6900000|  0%| F|  |TAMS 0x00000000a6800000| PB 0x00000000a6800000| Untracked 
| 617|0x00000000a6900000, 0x00000000a6900000, 0x00000000a6a00000|  0%| F|  |TAMS 0x00000000a6900000| PB 0x00000000a6900000| Untracked 
| 618|0x00000000a6a00000, 0x00000000a6a00000, 0x00000000a6b00000|  0%| F|  |TAMS 0x00000000a6a00000| PB 0x00000000a6a00000| Untracked 
| 619|0x00000000a6b00000, 0x00000000a6b00000, 0x00000000a6c00000|  0%| F|  |TAMS 0x00000000a6b00000| PB 0x00000000a6b00000| Untracked 
| 620|0x00000000a6c00000, 0x00000000a6c00000, 0x00000000a6d00000|  0%| F|  |TAMS 0x00000000a6c00000| PB 0x00000000a6c00000| Untracked 
| 621|0x00000000a6d00000, 0x00000000a6d00000, 0x00000000a6e00000|  0%| F|  |TAMS 0x00000000a6d00000| PB 0x00000000a6d00000| Untracked 
| 622|0x00000000a6e00000, 0x00000000a6e00000, 0x00000000a6f00000|  0%| F|  |TAMS 0x00000000a6e00000| PB 0x00000000a6e00000| Untracked 
| 623|0x00000000a6f00000, 0x00000000a6f00000, 0x00000000a7000000|  0%| F|  |TAMS 0x00000000a6f00000| PB 0x00000000a6f00000| Untracked 
| 624|0x00000000a7000000, 0x00000000a7000000, 0x00000000a7100000|  0%| F|  |TAMS 0x00000000a7000000| PB 0x00000000a7000000| Untracked 
| 625|0x00000000a7100000, 0x00000000a7100000, 0x00000000a7200000|  0%| F|  |TAMS 0x00000000a7100000| PB 0x00000000a7100000| Untracked 
| 626|0x00000000a7200000, 0x00000000a7200000, 0x00000000a7300000|  0%| F|  |TAMS 0x00000000a7200000| PB 0x00000000a7200000| Untracked 
| 627|0x00000000a7300000, 0x00000000a7300000, 0x00000000a7400000|  0%| F|  |TAMS 0x00000000a7300000| PB 0x00000000a7300000| Untracked 
| 628|0x00000000a7400000, 0x00000000a7400000, 0x00000000a7500000|  0%| F|  |TAMS 0x00000000a7400000| PB 0x00000000a7400000| Untracked 
| 629|0x00000000a7500000, 0x00000000a7500000, 0x00000000a7600000|  0%| F|  |TAMS 0x00000000a7500000| PB 0x00000000a7500000| Untracked 
| 630|0x00000000a7600000, 0x00000000a7600000, 0x00000000a7700000|  0%| F|  |TAMS 0x00000000a7600000| PB 0x00000000a7600000| Untracked 
| 631|0x00000000a7700000, 0x00000000a7700000, 0x00000000a7800000|  0%| F|  |TAMS 0x00000000a7700000| PB 0x00000000a7700000| Untracked 
| 632|0x00000000a7800000, 0x00000000a7800000, 0x00000000a7900000|  0%| F|  |TAMS 0x00000000a7800000| PB 0x00000000a7800000| Untracked 
| 633|0x00000000a7900000, 0x00000000a7900000, 0x00000000a7a00000|  0%| F|  |TAMS 0x00000000a7900000| PB 0x00000000a7900000| Untracked 
| 634|0x00000000a7a00000, 0x00000000a7a00000, 0x00000000a7b00000|  0%| F|  |TAMS 0x00000000a7a00000| PB 0x00000000a7a00000| Untracked 
| 635|0x00000000a7b00000, 0x00000000a7b00000, 0x00000000a7c00000|  0%| F|  |TAMS 0x00000000a7b00000| PB 0x00000000a7b00000| Untracked 
| 636|0x00000000a7c00000, 0x00000000a7c00000, 0x00000000a7d00000|  0%| F|  |TAMS 0x00000000a7c00000| PB 0x00000000a7c00000| Untracked 
| 637|0x00000000a7d00000, 0x00000000a7d00000, 0x00000000a7e00000|  0%| F|  |TAMS 0x00000000a7d00000| PB 0x00000000a7d00000| Untracked 
| 638|0x00000000a7e00000, 0x00000000a7e00000, 0x00000000a7f00000|  0%| F|  |TAMS 0x00000000a7e00000| PB 0x00000000a7e00000| Untracked 
| 639|0x00000000a7f00000, 0x00000000a7f00000, 0x00000000a8000000|  0%| F|  |TAMS 0x00000000a7f00000| PB 0x00000000a7f00000| Untracked 
| 640|0x00000000a8000000, 0x00000000a8000000, 0x00000000a8100000|  0%| F|  |TAMS 0x00000000a8000000| PB 0x00000000a8000000| Untracked 
| 641|0x00000000a8100000, 0x00000000a8100000, 0x00000000a8200000|  0%| F|  |TAMS 0x00000000a8100000| PB 0x00000000a8100000| Untracked 
| 642|0x00000000a8200000, 0x00000000a8200000, 0x00000000a8300000|  0%| F|  |TAMS 0x00000000a8200000| PB 0x00000000a8200000| Untracked 
| 643|0x00000000a8300000, 0x00000000a8300000, 0x00000000a8400000|  0%| F|  |TAMS 0x00000000a8300000| PB 0x00000000a8300000| Untracked 
| 644|0x00000000a8400000, 0x00000000a8400000, 0x00000000a8500000|  0%| F|  |TAMS 0x00000000a8400000| PB 0x00000000a8400000| Untracked 
| 645|0x00000000a8500000, 0x00000000a8500000, 0x00000000a8600000|  0%| F|  |TAMS 0x00000000a8500000| PB 0x00000000a8500000| Untracked 
| 646|0x00000000a8600000, 0x00000000a8600000, 0x00000000a8700000|  0%| F|  |TAMS 0x00000000a8600000| PB 0x00000000a8600000| Untracked 
| 647|0x00000000a8700000, 0x00000000a8700000, 0x00000000a8800000|  0%| F|  |TAMS 0x00000000a8700000| PB 0x00000000a8700000| Untracked 
| 648|0x00000000a8800000, 0x00000000a8800000, 0x00000000a8900000|  0%| F|  |TAMS 0x00000000a8800000| PB 0x00000000a8800000| Untracked 
| 649|0x00000000a8900000, 0x00000000a8900000, 0x00000000a8a00000|  0%| F|  |TAMS 0x00000000a8900000| PB 0x00000000a8900000| Untracked 
| 650|0x00000000a8a00000, 0x00000000a8a00000, 0x00000000a8b00000|  0%| F|  |TAMS 0x00000000a8a00000| PB 0x00000000a8a00000| Untracked 
| 651|0x00000000a8b00000, 0x00000000a8b00000, 0x00000000a8c00000|  0%| F|  |TAMS 0x00000000a8b00000| PB 0x00000000a8b00000| Untracked 
| 652|0x00000000a8c00000, 0x00000000a8c00000, 0x00000000a8d00000|  0%| F|  |TAMS 0x00000000a8c00000| PB 0x00000000a8c00000| Untracked 
| 653|0x00000000a8d00000, 0x00000000a8d00000, 0x00000000a8e00000|  0%| F|  |TAMS 0x00000000a8d00000| PB 0x00000000a8d00000| Untracked 
| 654|0x00000000a8e00000, 0x00000000a8e00000, 0x00000000a8f00000|  0%| F|  |TAMS 0x00000000a8e00000| PB 0x00000000a8e00000| Untracked 
| 655|0x00000000a8f00000, 0x00000000a8f00000, 0x00000000a9000000|  0%| F|  |TAMS 0x00000000a8f00000| PB 0x00000000a8f00000| Untracked 
| 656|0x00000000a9000000, 0x00000000a9000000, 0x00000000a9100000|  0%| F|  |TAMS 0x00000000a9000000| PB 0x00000000a9000000| Untracked 
| 657|0x00000000a9100000, 0x00000000a9100000, 0x00000000a9200000|  0%| F|  |TAMS 0x00000000a9100000| PB 0x00000000a9100000| Untracked 
| 658|0x00000000a9200000, 0x00000000a9200000, 0x00000000a9300000|  0%| F|  |TAMS 0x00000000a9200000| PB 0x00000000a9200000| Untracked 
| 659|0x00000000a9300000, 0x00000000a9300000, 0x00000000a9400000|  0%| F|  |TAMS 0x00000000a9300000| PB 0x00000000a9300000| Untracked 
| 660|0x00000000a9400000, 0x00000000a9400000, 0x00000000a9500000|  0%| F|  |TAMS 0x00000000a9400000| PB 0x00000000a9400000| Untracked 
| 661|0x00000000a9500000, 0x00000000a9500000, 0x00000000a9600000|  0%| F|  |TAMS 0x00000000a9500000| PB 0x00000000a9500000| Untracked 
| 662|0x00000000a9600000, 0x00000000a9600000, 0x00000000a9700000|  0%| F|  |TAMS 0x00000000a9600000| PB 0x00000000a9600000| Untracked 
| 663|0x00000000a9700000, 0x00000000a9700000, 0x00000000a9800000|  0%| F|  |TAMS 0x00000000a9700000| PB 0x00000000a9700000| Untracked 
| 664|0x00000000a9800000, 0x00000000a9800000, 0x00000000a9900000|  0%| F|  |TAMS 0x00000000a9800000| PB 0x00000000a9800000| Untracked 
| 665|0x00000000a9900000, 0x00000000a9900000, 0x00000000a9a00000|  0%| F|  |TAMS 0x00000000a9900000| PB 0x00000000a9900000| Untracked 
| 666|0x00000000a9a00000, 0x00000000a9a00000, 0x00000000a9b00000|  0%| F|  |TAMS 0x00000000a9a00000| PB 0x00000000a9a00000| Untracked 
| 667|0x00000000a9b00000, 0x00000000a9b00000, 0x00000000a9c00000|  0%| F|  |TAMS 0x00000000a9b00000| PB 0x00000000a9b00000| Untracked 
| 668|0x00000000a9c00000, 0x00000000a9c00000, 0x00000000a9d00000|  0%| F|  |TAMS 0x00000000a9c00000| PB 0x00000000a9c00000| Untracked 
| 669|0x00000000a9d00000, 0x00000000a9d00000, 0x00000000a9e00000|  0%| F|  |TAMS 0x00000000a9d00000| PB 0x00000000a9d00000| Untracked 
| 670|0x00000000a9e00000, 0x00000000a9e00000, 0x00000000a9f00000|  0%| F|  |TAMS 0x00000000a9e00000| PB 0x00000000a9e00000| Untracked 
| 671|0x00000000a9f00000, 0x00000000a9f00000, 0x00000000aa000000|  0%| F|  |TAMS 0x00000000a9f00000| PB 0x00000000a9f00000| Untracked 
| 672|0x00000000aa000000, 0x00000000aa000000, 0x00000000aa100000|  0%| F|  |TAMS 0x00000000aa000000| PB 0x00000000aa000000| Untracked 
| 673|0x00000000aa100000, 0x00000000aa100000, 0x00000000aa200000|  0%| F|  |TAMS 0x00000000aa100000| PB 0x00000000aa100000| Untracked 
| 674|0x00000000aa200000, 0x00000000aa200000, 0x00000000aa300000|  0%| F|  |TAMS 0x00000000aa200000| PB 0x00000000aa200000| Untracked 
| 675|0x00000000aa300000, 0x00000000aa300000, 0x00000000aa400000|  0%| F|  |TAMS 0x00000000aa300000| PB 0x00000000aa300000| Untracked 
| 676|0x00000000aa400000, 0x00000000aa400000, 0x00000000aa500000|  0%| F|  |TAMS 0x00000000aa400000| PB 0x00000000aa400000| Untracked 
| 677|0x00000000aa500000, 0x00000000aa500000, 0x00000000aa600000|  0%| F|  |TAMS 0x00000000aa500000| PB 0x00000000aa500000| Untracked 
| 678|0x00000000aa600000, 0x00000000aa600000, 0x00000000aa700000|  0%| F|  |TAMS 0x00000000aa600000| PB 0x00000000aa600000| Untracked 
| 679|0x00000000aa700000, 0x00000000aa700000, 0x00000000aa800000|  0%| F|  |TAMS 0x00000000aa700000| PB 0x00000000aa700000| Untracked 
| 680|0x00000000aa800000, 0x00000000aa800000, 0x00000000aa900000|  0%| F|  |TAMS 0x00000000aa800000| PB 0x00000000aa800000| Untracked 
| 681|0x00000000aa900000, 0x00000000aa900000, 0x00000000aaa00000|  0%| F|  |TAMS 0x00000000aa900000| PB 0x00000000aa900000| Untracked 
| 682|0x00000000aaa00000, 0x00000000aaa00000, 0x00000000aab00000|  0%| F|  |TAMS 0x00000000aaa00000| PB 0x00000000aaa00000| Untracked 
| 683|0x00000000aab00000, 0x00000000aab00000, 0x00000000aac00000|  0%| F|  |TAMS 0x00000000aab00000| PB 0x00000000aab00000| Untracked 
| 684|0x00000000aac00000, 0x00000000aac00000, 0x00000000aad00000|  0%| F|  |TAMS 0x00000000aac00000| PB 0x00000000aac00000| Untracked 
| 685|0x00000000aad00000, 0x00000000aad00000, 0x00000000aae00000|  0%| F|  |TAMS 0x00000000aad00000| PB 0x00000000aad00000| Untracked 
| 686|0x00000000aae00000, 0x00000000aae00000, 0x00000000aaf00000|  0%| F|  |TAMS 0x00000000aae00000| PB 0x00000000aae00000| Untracked 
| 687|0x00000000aaf00000, 0x00000000aaf00000, 0x00000000ab000000|  0%| F|  |TAMS 0x00000000aaf00000| PB 0x00000000aaf00000| Untracked 
| 688|0x00000000ab000000, 0x00000000ab000000, 0x00000000ab100000|  0%| F|  |TAMS 0x00000000ab000000| PB 0x00000000ab000000| Untracked 
| 689|0x00000000ab100000, 0x00000000ab100000, 0x00000000ab200000|  0%| F|  |TAMS 0x00000000ab100000| PB 0x00000000ab100000| Untracked 
| 690|0x00000000ab200000, 0x00000000ab200000, 0x00000000ab300000|  0%| F|  |TAMS 0x00000000ab200000| PB 0x00000000ab200000| Untracked 
| 691|0x00000000ab300000, 0x00000000ab300000, 0x00000000ab400000|  0%| F|  |TAMS 0x00000000ab300000| PB 0x00000000ab300000| Untracked 
| 692|0x00000000ab400000, 0x00000000ab400000, 0x00000000ab500000|  0%| F|  |TAMS 0x00000000ab400000| PB 0x00000000ab400000| Untracked 
| 693|0x00000000ab500000, 0x00000000ab500000, 0x00000000ab600000|  0%| F|  |TAMS 0x00000000ab500000| PB 0x00000000ab500000| Untracked 
| 694|0x00000000ab600000, 0x00000000ab600000, 0x00000000ab700000|  0%| F|  |TAMS 0x00000000ab600000| PB 0x00000000ab600000| Untracked 
| 695|0x00000000ab700000, 0x00000000ab700000, 0x00000000ab800000|  0%| F|  |TAMS 0x00000000ab700000| PB 0x00000000ab700000| Untracked 
| 696|0x00000000ab800000, 0x00000000ab800000, 0x00000000ab900000|  0%| F|  |TAMS 0x00000000ab800000| PB 0x00000000ab800000| Untracked 
| 697|0x00000000ab900000, 0x00000000ab900000, 0x00000000aba00000|  0%| F|  |TAMS 0x00000000ab900000| PB 0x00000000ab900000| Untracked 
| 698|0x00000000aba00000, 0x00000000aba00000, 0x00000000abb00000|  0%| F|  |TAMS 0x00000000aba00000| PB 0x00000000aba00000| Untracked 
| 699|0x00000000abb00000, 0x00000000abb00000, 0x00000000abc00000|  0%| F|  |TAMS 0x00000000abb00000| PB 0x00000000abb00000| Untracked 
| 700|0x00000000abc00000, 0x00000000abc00000, 0x00000000abd00000|  0%| F|  |TAMS 0x00000000abc00000| PB 0x00000000abc00000| Untracked 
| 701|0x00000000abd00000, 0x00000000abd00000, 0x00000000abe00000|  0%| F|  |TAMS 0x00000000abd00000| PB 0x00000000abd00000| Untracked 
| 702|0x00000000abe00000, 0x00000000abe00000, 0x00000000abf00000|  0%| F|  |TAMS 0x00000000abe00000| PB 0x00000000abe00000| Untracked 
| 703|0x00000000abf00000, 0x00000000abf00000, 0x00000000ac000000|  0%| F|  |TAMS 0x00000000abf00000| PB 0x00000000abf00000| Untracked 
| 704|0x00000000ac000000, 0x00000000ac000000, 0x00000000ac100000|  0%| F|  |TAMS 0x00000000ac000000| PB 0x00000000ac000000| Untracked 
| 705|0x00000000ac100000, 0x00000000ac100000, 0x00000000ac200000|  0%| F|  |TAMS 0x00000000ac100000| PB 0x00000000ac100000| Untracked 
| 706|0x00000000ac200000, 0x00000000ac200000, 0x00000000ac300000|  0%| F|  |TAMS 0x00000000ac200000| PB 0x00000000ac200000| Untracked 
| 707|0x00000000ac300000, 0x00000000ac300000, 0x00000000ac400000|  0%| F|  |TAMS 0x00000000ac300000| PB 0x00000000ac300000| Untracked 
| 708|0x00000000ac400000, 0x00000000ac400000, 0x00000000ac500000|  0%| F|  |TAMS 0x00000000ac400000| PB 0x00000000ac400000| Untracked 
| 709|0x00000000ac500000, 0x00000000ac500000, 0x00000000ac600000|  0%| F|  |TAMS 0x00000000ac500000| PB 0x00000000ac500000| Untracked 
| 710|0x00000000ac600000, 0x00000000ac600000, 0x00000000ac700000|  0%| F|  |TAMS 0x00000000ac600000| PB 0x00000000ac600000| Untracked 
| 711|0x00000000ac700000, 0x00000000ac700000, 0x00000000ac800000|  0%| F|  |TAMS 0x00000000ac700000| PB 0x00000000ac700000| Untracked 
| 712|0x00000000ac800000, 0x00000000ac800000, 0x00000000ac900000|  0%| F|  |TAMS 0x00000000ac800000| PB 0x00000000ac800000| Untracked 
| 713|0x00000000ac900000, 0x00000000ac900000, 0x00000000aca00000|  0%| F|  |TAMS 0x00000000ac900000| PB 0x00000000ac900000| Untracked 
| 714|0x00000000aca00000, 0x00000000aca00000, 0x00000000acb00000|  0%| F|  |TAMS 0x00000000aca00000| PB 0x00000000aca00000| Untracked 
| 715|0x00000000acb00000, 0x00000000acb00000, 0x00000000acc00000|  0%| F|  |TAMS 0x00000000acb00000| PB 0x00000000acb00000| Untracked 
| 716|0x00000000acc00000, 0x00000000acc00000, 0x00000000acd00000|  0%| F|  |TAMS 0x00000000acc00000| PB 0x00000000acc00000| Untracked 
| 717|0x00000000acd00000, 0x00000000acd00000, 0x00000000ace00000|  0%| F|  |TAMS 0x00000000acd00000| PB 0x00000000acd00000| Untracked 
| 718|0x00000000ace00000, 0x00000000ace00000, 0x00000000acf00000|  0%| F|  |TAMS 0x00000000ace00000| PB 0x00000000ace00000| Untracked 
| 719|0x00000000acf00000, 0x00000000acf00000, 0x00000000ad000000|  0%| F|  |TAMS 0x00000000acf00000| PB 0x00000000acf00000| Untracked 
| 720|0x00000000ad000000, 0x00000000ad000000, 0x00000000ad100000|  0%| F|  |TAMS 0x00000000ad000000| PB 0x00000000ad000000| Untracked 
| 721|0x00000000ad100000, 0x00000000ad100000, 0x00000000ad200000|  0%| F|  |TAMS 0x00000000ad100000| PB 0x00000000ad100000| Untracked 
| 722|0x00000000ad200000, 0x00000000ad200000, 0x00000000ad300000|  0%| F|  |TAMS 0x00000000ad200000| PB 0x00000000ad200000| Untracked 
| 723|0x00000000ad300000, 0x00000000ad300000, 0x00000000ad400000|  0%| F|  |TAMS 0x00000000ad300000| PB 0x00000000ad300000| Untracked 
| 724|0x00000000ad400000, 0x00000000ad400000, 0x00000000ad500000|  0%| F|  |TAMS 0x00000000ad400000| PB 0x00000000ad400000| Untracked 
| 725|0x00000000ad500000, 0x00000000ad500000, 0x00000000ad600000|  0%| F|  |TAMS 0x00000000ad500000| PB 0x00000000ad500000| Untracked 
| 726|0x00000000ad600000, 0x00000000ad600000, 0x00000000ad700000|  0%| F|  |TAMS 0x00000000ad600000| PB 0x00000000ad600000| Untracked 
| 727|0x00000000ad700000, 0x00000000ad700000, 0x00000000ad800000|  0%| F|  |TAMS 0x00000000ad700000| PB 0x00000000ad700000| Untracked 
| 728|0x00000000ad800000, 0x00000000ad800000, 0x00000000ad900000|  0%| F|  |TAMS 0x00000000ad800000| PB 0x00000000ad800000| Untracked 
| 729|0x00000000ad900000, 0x00000000ad900000, 0x00000000ada00000|  0%| F|  |TAMS 0x00000000ad900000| PB 0x00000000ad900000| Untracked 
| 730|0x00000000ada00000, 0x00000000ada00000, 0x00000000adb00000|  0%| F|  |TAMS 0x00000000ada00000| PB 0x00000000ada00000| Untracked 
| 731|0x00000000adb00000, 0x00000000adb00000, 0x00000000adc00000|  0%| F|  |TAMS 0x00000000adb00000| PB 0x00000000adb00000| Untracked 
| 732|0x00000000adc00000, 0x00000000adc00000, 0x00000000add00000|  0%| F|  |TAMS 0x00000000adc00000| PB 0x00000000adc00000| Untracked 
| 733|0x00000000add00000, 0x00000000add00000, 0x00000000ade00000|  0%| F|  |TAMS 0x00000000add00000| PB 0x00000000add00000| Untracked 
| 734|0x00000000ade00000, 0x00000000ade00000, 0x00000000adf00000|  0%| F|  |TAMS 0x00000000ade00000| PB 0x00000000ade00000| Untracked 
| 735|0x00000000adf00000, 0x00000000adf00000, 0x00000000ae000000|  0%| F|  |TAMS 0x00000000adf00000| PB 0x00000000adf00000| Untracked 
| 736|0x00000000ae000000, 0x00000000ae000000, 0x00000000ae100000|  0%| F|  |TAMS 0x00000000ae000000| PB 0x00000000ae000000| Untracked 
| 737|0x00000000ae100000, 0x00000000ae100000, 0x00000000ae200000|  0%| F|  |TAMS 0x00000000ae100000| PB 0x00000000ae100000| Untracked 
| 738|0x00000000ae200000, 0x00000000ae200000, 0x00000000ae300000|  0%| F|  |TAMS 0x00000000ae200000| PB 0x00000000ae200000| Untracked 
| 739|0x00000000ae300000, 0x00000000ae300000, 0x00000000ae400000|  0%| F|  |TAMS 0x00000000ae300000| PB 0x00000000ae300000| Untracked 
| 740|0x00000000ae400000, 0x00000000ae400000, 0x00000000ae500000|  0%| F|  |TAMS 0x00000000ae400000| PB 0x00000000ae400000| Untracked 
| 741|0x00000000ae500000, 0x00000000ae500000, 0x00000000ae600000|  0%| F|  |TAMS 0x00000000ae500000| PB 0x00000000ae500000| Untracked 
| 742|0x00000000ae600000, 0x00000000ae600000, 0x00000000ae700000|  0%| F|  |TAMS 0x00000000ae600000| PB 0x00000000ae600000| Untracked 
| 743|0x00000000ae700000, 0x00000000ae700000, 0x00000000ae800000|  0%| F|  |TAMS 0x00000000ae700000| PB 0x00000000ae700000| Untracked 
| 744|0x00000000ae800000, 0x00000000ae800000, 0x00000000ae900000|  0%| F|  |TAMS 0x00000000ae800000| PB 0x00000000ae800000| Untracked 
| 745|0x00000000ae900000, 0x00000000ae900000, 0x00000000aea00000|  0%| F|  |TAMS 0x00000000ae900000| PB 0x00000000ae900000| Untracked 
| 746|0x00000000aea00000, 0x00000000aea00000, 0x00000000aeb00000|  0%| F|  |TAMS 0x00000000aea00000| PB 0x00000000aea00000| Untracked 
| 747|0x00000000aeb00000, 0x00000000aeb00000, 0x00000000aec00000|  0%| F|  |TAMS 0x00000000aeb00000| PB 0x00000000aeb00000| Untracked 
| 748|0x00000000aec00000, 0x00000000aec00000, 0x00000000aed00000|  0%| F|  |TAMS 0x00000000aec00000| PB 0x00000000aec00000| Untracked 
| 749|0x00000000aed00000, 0x00000000aed00000, 0x00000000aee00000|  0%| F|  |TAMS 0x00000000aed00000| PB 0x00000000aed00000| Untracked 
| 750|0x00000000aee00000, 0x00000000aee00000, 0x00000000aef00000|  0%| F|  |TAMS 0x00000000aee00000| PB 0x00000000aee00000| Untracked 
| 751|0x00000000aef00000, 0x00000000aef00000, 0x00000000af000000|  0%| F|  |TAMS 0x00000000aef00000| PB 0x00000000aef00000| Untracked 
| 752|0x00000000af000000, 0x00000000af099b50, 0x00000000af100000| 60%| E|  |TAMS 0x00000000af000000| PB 0x00000000af000000| Complete 
| 753|0x00000000af100000, 0x00000000af200000, 0x00000000af200000|100%| E|CS|TAMS 0x00000000af100000| PB 0x00000000af100000| Complete 
| 754|0x00000000af200000, 0x00000000af300000, 0x00000000af300000|100%| E|CS|TAMS 0x00000000af200000| PB 0x00000000af200000| Complete 
| 755|0x00000000af300000, 0x00000000af400000, 0x00000000af400000|100%| E|CS|TAMS 0x00000000af300000| PB 0x00000000af300000| Complete 
| 756|0x00000000af400000, 0x00000000af500000, 0x00000000af500000|100%| E|CS|TAMS 0x00000000af400000| PB 0x00000000af400000| Complete 
| 757|0x00000000af500000, 0x00000000af600000, 0x00000000af600000|100%| E|CS|TAMS 0x00000000af500000| PB 0x00000000af500000| Complete 
| 758|0x00000000af600000, 0x00000000af700000, 0x00000000af700000|100%| E|CS|TAMS 0x00000000af600000| PB 0x00000000af600000| Complete 
| 759|0x00000000af700000, 0x00000000af800000, 0x00000000af800000|100%| E|CS|TAMS 0x00000000af700000| PB 0x00000000af700000| Complete 
| 760|0x00000000af800000, 0x00000000af900000, 0x00000000af900000|100%| E|CS|TAMS 0x00000000af800000| PB 0x00000000af800000| Complete 
| 761|0x00000000af900000, 0x00000000afa00000, 0x00000000afa00000|100%| E|CS|TAMS 0x00000000af900000| PB 0x00000000af900000| Complete 
| 762|0x00000000afa00000, 0x00000000afb00000, 0x00000000afb00000|100%| E|CS|TAMS 0x00000000afa00000| PB 0x00000000afa00000| Complete 
| 763|0x00000000afb00000, 0x00000000afc00000, 0x00000000afc00000|100%| E|CS|TAMS 0x00000000afb00000| PB 0x00000000afb00000| Complete 
| 764|0x00000000afc00000, 0x00000000afd00000, 0x00000000afd00000|100%| E|CS|TAMS 0x00000000afc00000| PB 0x00000000afc00000| Complete 
| 765|0x00000000afd00000, 0x00000000afe00000, 0x00000000afe00000|100%| E|CS|TAMS 0x00000000afd00000| PB 0x00000000afd00000| Complete 
| 766|0x00000000afe00000, 0x00000000aff00000, 0x00000000aff00000|100%| E|CS|TAMS 0x00000000afe00000| PB 0x00000000afe00000| Complete 
| 767|0x00000000aff00000, 0x00000000b0000000, 0x00000000b0000000|100%| E|CS|TAMS 0x00000000aff00000| PB 0x00000000aff00000| Complete 
| 768|0x00000000b0000000, 0x00000000b0100000, 0x00000000b0100000|100%| E|CS|TAMS 0x00000000b0000000| PB 0x00000000b0000000| Complete 
| 769|0x00000000b0100000, 0x00000000b0200000, 0x00000000b0200000|100%| E|CS|TAMS 0x00000000b0100000| PB 0x00000000b0100000| Complete 
| 770|0x00000000b0200000, 0x00000000b0300000, 0x00000000b0300000|100%| E|CS|TAMS 0x00000000b0200000| PB 0x00000000b0200000| Complete 
| 771|0x00000000b0300000, 0x00000000b0400000, 0x00000000b0400000|100%| E|CS|TAMS 0x00000000b0300000| PB 0x00000000b0300000| Complete 
| 772|0x00000000b0400000, 0x00000000b0500000, 0x00000000b0500000|100%| E|CS|TAMS 0x00000000b0400000| PB 0x00000000b0400000| Complete 
| 773|0x00000000b0500000, 0x00000000b0600000, 0x00000000b0600000|100%| E|CS|TAMS 0x00000000b0500000| PB 0x00000000b0500000| Complete 
| 774|0x00000000b0600000, 0x00000000b0700000, 0x00000000b0700000|100%| E|CS|TAMS 0x00000000b0600000| PB 0x00000000b0600000| Complete 
| 775|0x00000000b0700000, 0x00000000b0800000, 0x00000000b0800000|100%| E|CS|TAMS 0x00000000b0700000| PB 0x00000000b0700000| Complete 
| 776|0x00000000b0800000, 0x00000000b0900000, 0x00000000b0900000|100%| E|CS|TAMS 0x00000000b0800000| PB 0x00000000b0800000| Complete 
| 777|0x00000000b0900000, 0x00000000b0a00000, 0x00000000b0a00000|100%| E|CS|TAMS 0x00000000b0900000| PB 0x00000000b0900000| Complete 
| 778|0x00000000b0a00000, 0x00000000b0b00000, 0x00000000b0b00000|100%| E|CS|TAMS 0x00000000b0a00000| PB 0x00000000b0a00000| Complete 
| 779|0x00000000b0b00000, 0x00000000b0c00000, 0x00000000b0c00000|100%| E|CS|TAMS 0x00000000b0b00000| PB 0x00000000b0b00000| Complete 
| 780|0x00000000b0c00000, 0x00000000b0d00000, 0x00000000b0d00000|100%| E|CS|TAMS 0x00000000b0c00000| PB 0x00000000b0c00000| Complete 
| 781|0x00000000b0d00000, 0x00000000b0e00000, 0x00000000b0e00000|100%| E|CS|TAMS 0x00000000b0d00000| PB 0x00000000b0d00000| Complete 
| 782|0x00000000b0e00000, 0x00000000b0f00000, 0x00000000b0f00000|100%| E|CS|TAMS 0x00000000b0e00000| PB 0x00000000b0e00000| Complete 
| 783|0x00000000b0f00000, 0x00000000b1000000, 0x00000000b1000000|100%| E|CS|TAMS 0x00000000b0f00000| PB 0x00000000b0f00000| Complete 
| 784|0x00000000b1000000, 0x00000000b1100000, 0x00000000b1100000|100%| E|CS|TAMS 0x00000000b1000000| PB 0x00000000b1000000| Complete 
| 785|0x00000000b1100000, 0x00000000b1200000, 0x00000000b1200000|100%| E|CS|TAMS 0x00000000b1100000| PB 0x00000000b1100000| Complete 
| 786|0x00000000b1200000, 0x00000000b1300000, 0x00000000b1300000|100%| E|CS|TAMS 0x00000000b1200000| PB 0x00000000b1200000| Complete 
| 787|0x00000000b1300000, 0x00000000b1400000, 0x00000000b1400000|100%| E|CS|TAMS 0x00000000b1300000| PB 0x00000000b1300000| Complete 
| 788|0x00000000b1400000, 0x00000000b1500000, 0x00000000b1500000|100%| E|CS|TAMS 0x00000000b1400000| PB 0x00000000b1400000| Complete 
| 789|0x00000000b1500000, 0x00000000b1600000, 0x00000000b1600000|100%| E|CS|TAMS 0x00000000b1500000| PB 0x00000000b1500000| Complete 
| 790|0x00000000b1600000, 0x00000000b1700000, 0x00000000b1700000|100%| E|CS|TAMS 0x00000000b1600000| PB 0x00000000b1600000| Complete 
| 791|0x00000000b1700000, 0x00000000b1800000, 0x00000000b1800000|100%| E|CS|TAMS 0x00000000b1700000| PB 0x00000000b1700000| Complete 
| 792|0x00000000b1800000, 0x00000000b1900000, 0x00000000b1900000|100%| E|CS|TAMS 0x00000000b1800000| PB 0x00000000b1800000| Complete 
| 793|0x00000000b1900000, 0x00000000b1a00000, 0x00000000b1a00000|100%| E|CS|TAMS 0x00000000b1900000| PB 0x00000000b1900000| Complete 
| 794|0x00000000b1a00000, 0x00000000b1b00000, 0x00000000b1b00000|100%| E|CS|TAMS 0x00000000b1a00000| PB 0x00000000b1a00000| Complete 
|1949|0x00000000f9d00000, 0x00000000f9e00000, 0x00000000f9e00000|100%| E|CS|TAMS 0x00000000f9d00000| PB 0x00000000f9d00000| Complete 
|1950|0x00000000f9e00000, 0x00000000f9f00000, 0x00000000f9f00000|100%| E|CS|TAMS 0x00000000f9e00000| PB 0x00000000f9e00000| Complete 
|1951|0x00000000f9f00000, 0x00000000fa000000, 0x00000000fa000000|100%| O|  |TAMS 0x00000000f9f00000| PB 0x00000000f9f00000| Untracked 
|1952|0x00000000fa000000, 0x00000000fa100000, 0x00000000fa100000|100%| O|  |TAMS 0x00000000fa000000| PB 0x00000000fa000000| Untracked 
|1953|0x00000000fa100000, 0x00000000fa200000, 0x00000000fa200000|100%| O|  |TAMS 0x00000000fa100000| PB 0x00000000fa100000| Untracked 
|1954|0x00000000fa200000, 0x00000000fa300000, 0x00000000fa300000|100%| O|  |TAMS 0x00000000fa200000| PB 0x00000000fa200000| Untracked 
|1955|0x00000000fa300000, 0x00000000fa400000, 0x00000000fa400000|100%| O|  |TAMS 0x00000000fa300000| PB 0x00000000fa300000| Untracked 
|1956|0x00000000fa400000, 0x00000000fa500000, 0x00000000fa500000|100%| O|  |TAMS 0x00000000fa400000| PB 0x00000000fa400000| Untracked 
|1957|0x00000000fa500000, 0x00000000fa600000, 0x00000000fa600000|100%| O|  |TAMS 0x00000000fa500000| PB 0x00000000fa500000| Untracked 
|1958|0x00000000fa600000, 0x00000000fa700000, 0x00000000fa700000|100%| O|  |TAMS 0x00000000fa600000| PB 0x00000000fa600000| Untracked 
|1959|0x00000000fa700000, 0x00000000fa800000, 0x00000000fa800000|100%| O|  |TAMS 0x00000000fa700000| PB 0x00000000fa700000| Untracked 
|1960|0x00000000fa800000, 0x00000000fa900000, 0x00000000fa900000|100%| O|  |TAMS 0x00000000fa800000| PB 0x00000000fa800000| Untracked 
|1961|0x00000000fa900000, 0x00000000faa00000, 0x00000000faa00000|100%| O|  |TAMS 0x00000000fa900000| PB 0x00000000fa900000| Untracked 
|1962|0x00000000faa00000, 0x00000000fab00000, 0x00000000fab00000|100%| O|  |TAMS 0x00000000faa00000| PB 0x00000000faa00000| Untracked 
|1963|0x00000000fab00000, 0x00000000fac00000, 0x00000000fac00000|100%| O|  |TAMS 0x00000000fab00000| PB 0x00000000fab00000| Untracked 
|1964|0x00000000fac00000, 0x00000000fad00000, 0x00000000fad00000|100%| E|CS|TAMS 0x00000000fac00000| PB 0x00000000fac00000| Complete 
|1965|0x00000000fad00000, 0x00000000fae00000, 0x00000000fae00000|100%| O|  |TAMS 0x00000000fad00000| PB 0x00000000fad00000| Untracked 
|1966|0x00000000fae00000, 0x00000000faf00000, 0x00000000faf00000|100%| O|  |TAMS 0x00000000fae00000| PB 0x00000000fae00000| Untracked 
|1967|0x00000000faf00000, 0x00000000fb000000, 0x00000000fb000000|100%| O|  |TAMS 0x00000000faf00000| PB 0x00000000faf00000| Untracked 
|1968|0x00000000fb000000, 0x00000000fb100000, 0x00000000fb100000|100%| O|  |TAMS 0x00000000fb000000| PB 0x00000000fb000000| Untracked 
|1969|0x00000000fb100000, 0x00000000fb200000, 0x00000000fb200000|100%| O|  |TAMS 0x00000000fb100000| PB 0x00000000fb100000| Untracked 
|1970|0x00000000fb200000, 0x00000000fb300000, 0x00000000fb300000|100%| O|  |TAMS 0x00000000fb200000| PB 0x00000000fb200000| Untracked 
|1971|0x00000000fb300000, 0x00000000fb400000, 0x00000000fb400000|100%| O|  |TAMS 0x00000000fb300000| PB 0x00000000fb300000| Untracked 
|1972|0x00000000fb400000, 0x00000000fb500000, 0x00000000fb500000|100%| O|  |TAMS 0x00000000fb400000| PB 0x00000000fb400000| Untracked 
|1973|0x00000000fb500000, 0x00000000fb600000, 0x00000000fb600000|100%| O|  |TAMS 0x00000000fb500000| PB 0x00000000fb500000| Untracked 
|1974|0x00000000fb600000, 0x00000000fb700000, 0x00000000fb700000|100%| O|  |TAMS 0x00000000fb600000| PB 0x00000000fb600000| Untracked 
|1975|0x00000000fb700000, 0x00000000fb800000, 0x00000000fb800000|100%| O|  |TAMS 0x00000000fb700000| PB 0x00000000fb700000| Untracked 
|1976|0x00000000fb800000, 0x00000000fb900000, 0x00000000fb900000|100%| O|  |TAMS 0x00000000fb800000| PB 0x00000000fb800000| Untracked 
|1977|0x00000000fb900000, 0x00000000fba00000, 0x00000000fba00000|100%| O|  |TAMS 0x00000000fb900000| PB 0x00000000fb900000| Untracked 
|1978|0x00000000fba00000, 0x00000000fbb00000, 0x00000000fbb00000|100%| O|  |TAMS 0x00000000fba00000| PB 0x00000000fba00000| Untracked 
|1979|0x00000000fbb00000, 0x00000000fbc00000, 0x00000000fbc00000|100%| O|  |TAMS 0x00000000fbb00000| PB 0x00000000fbb00000| Untracked 
|1980|0x00000000fbc00000, 0x00000000fbd00000, 0x00000000fbd00000|100%| O|  |TAMS 0x00000000fbc00000| PB 0x00000000fbc00000| Untracked 
|1981|0x00000000fbd00000, 0x00000000fbe00000, 0x00000000fbe00000|100%| O|  |TAMS 0x00000000fbd00000| PB 0x00000000fbd00000| Untracked 
|1982|0x00000000fbe00000, 0x00000000fbf00000, 0x00000000fbf00000|100%| O|  |TAMS 0x00000000fbe00000| PB 0x00000000fbe00000| Untracked 
|1983|0x00000000fbf00000, 0x00000000fc000000, 0x00000000fc000000|100%| O|  |TAMS 0x00000000fbf00000| PB 0x00000000fbf00000| Untracked 
|1984|0x00000000fc000000, 0x00000000fc100000, 0x00000000fc100000|100%| O|  |TAMS 0x00000000fc000000| PB 0x00000000fc000000| Untracked 
|1985|0x00000000fc100000, 0x00000000fc200000, 0x00000000fc200000|100%| O|  |TAMS 0x00000000fc100000| PB 0x00000000fc100000| Untracked 
|1986|0x00000000fc200000, 0x00000000fc300000, 0x00000000fc300000|100%| O|  |TAMS 0x00000000fc200000| PB 0x00000000fc200000| Untracked 
|1987|0x00000000fc300000, 0x00000000fc400000, 0x00000000fc400000|100%| O|  |TAMS 0x00000000fc300000| PB 0x00000000fc300000| Untracked 
|1988|0x00000000fc400000, 0x00000000fc500000, 0x00000000fc500000|100%| O|  |TAMS 0x00000000fc400000| PB 0x00000000fc400000| Untracked 
|1989|0x00000000fc500000, 0x00000000fc600000, 0x00000000fc600000|100%| O|  |TAMS 0x00000000fc500000| PB 0x00000000fc500000| Untracked 
|1990|0x00000000fc600000, 0x00000000fc700000, 0x00000000fc700000|100%| O|  |TAMS 0x00000000fc600000| PB 0x00000000fc600000| Untracked 
|1991|0x00000000fc700000, 0x00000000fc800000, 0x00000000fc800000|100%| O|  |TAMS 0x00000000fc700000| PB 0x00000000fc700000| Untracked 
|1992|0x00000000fc800000, 0x00000000fc900000, 0x00000000fc900000|100%| E|CS|TAMS 0x00000000fc800000| PB 0x00000000fc800000| Complete 
|1993|0x00000000fc900000, 0x00000000fca00000, 0x00000000fca00000|100%| O|  |TAMS 0x00000000fc900000| PB 0x00000000fc900000| Untracked 
|1994|0x00000000fca00000, 0x00000000fcb00000, 0x00000000fcb00000|100%| O|  |TAMS 0x00000000fca00000| PB 0x00000000fca00000| Untracked 
|1995|0x00000000fcb00000, 0x00000000fcc00000, 0x00000000fcc00000|100%| O|  |TAMS 0x00000000fcb00000| PB 0x00000000fcb00000| Untracked 
|1996|0x00000000fcc00000, 0x00000000fcd00000, 0x00000000fcd00000|100%| O|  |TAMS 0x00000000fcc00000| PB 0x00000000fcc00000| Untracked 
|1997|0x00000000fcd00000, 0x00000000fce00000, 0x00000000fce00000|100%| O|  |TAMS 0x00000000fcd00000| PB 0x00000000fcd00000| Untracked 
|1998|0x00000000fce00000, 0x00000000fcf00000, 0x00000000fcf00000|100%| O|  |TAMS 0x00000000fce00000| PB 0x00000000fce00000| Untracked 
|1999|0x00000000fcf00000, 0x00000000fd000000, 0x00000000fd000000|100%| O|  |TAMS 0x00000000fcf00000| PB 0x00000000fcf00000| Untracked 
|2000|0x00000000fd000000, 0x00000000fd100000, 0x00000000fd100000|100%| O|  |TAMS 0x00000000fd000000| PB 0x00000000fd000000| Untracked 
|2001|0x00000000fd100000, 0x00000000fd200000, 0x00000000fd200000|100%| O|  |TAMS 0x00000000fd100000| PB 0x00000000fd100000| Untracked 
|2002|0x00000000fd200000, 0x00000000fd300000, 0x00000000fd300000|100%| O|  |TAMS 0x00000000fd200000| PB 0x00000000fd200000| Untracked 
|2003|0x00000000fd300000, 0x00000000fd400000, 0x00000000fd400000|100%| E|CS|TAMS 0x00000000fd300000| PB 0x00000000fd300000| Complete 
|2004|0x00000000fd400000, 0x00000000fd500000, 0x00000000fd500000|100%| E|CS|TAMS 0x00000000fd400000| PB 0x00000000fd400000| Complete 
|2005|0x00000000fd500000, 0x00000000fd600000, 0x00000000fd600000|100%| E|CS|TAMS 0x00000000fd500000| PB 0x00000000fd500000| Complete 
|2006|0x00000000fd600000, 0x00000000fd700000, 0x00000000fd700000|100%| E|CS|TAMS 0x00000000fd600000| PB 0x00000000fd600000| Complete 
|2007|0x00000000fd700000, 0x00000000fd800000, 0x00000000fd800000|100%| E|CS|TAMS 0x00000000fd700000| PB 0x00000000fd700000| Complete 
|2008|0x00000000fd800000, 0x00000000fd900000, 0x00000000fd900000|100%| E|CS|TAMS 0x00000000fd800000| PB 0x00000000fd800000| Complete 
|2009|0x00000000fd900000, 0x00000000fda00000, 0x00000000fda00000|100%| E|CS|TAMS 0x00000000fd900000| PB 0x00000000fd900000| Complete 
|2010|0x00000000fda00000, 0x00000000fdb00000, 0x00000000fdb00000|100%| E|CS|TAMS 0x00000000fda00000| PB 0x00000000fda00000| Complete 
|2011|0x00000000fdb00000, 0x00000000fdc00000, 0x00000000fdc00000|100%| E|CS|TAMS 0x00000000fdb00000| PB 0x00000000fdb00000| Complete 
|2012|0x00000000fdc00000, 0x00000000fdd00000, 0x00000000fdd00000|100%| E|CS|TAMS 0x00000000fdc00000| PB 0x00000000fdc00000| Complete 
|2013|0x00000000fdd00000, 0x00000000fde00000, 0x00000000fde00000|100%| E|CS|TAMS 0x00000000fdd00000| PB 0x00000000fdd00000| Complete 
|2014|0x00000000fde00000, 0x00000000fdf00000, 0x00000000fdf00000|100%| E|CS|TAMS 0x00000000fde00000| PB 0x00000000fde00000| Complete 
|2015|0x00000000fdf00000, 0x00000000fe000000, 0x00000000fe000000|100%| E|CS|TAMS 0x00000000fdf00000| PB 0x00000000fdf00000| Complete 
|2016|0x00000000fe000000, 0x00000000fe100000, 0x00000000fe100000|100%| E|CS|TAMS 0x00000000fe000000| PB 0x00000000fe000000| Complete 
|2017|0x00000000fe100000, 0x00000000fe200000, 0x00000000fe200000|100%| E|CS|TAMS 0x00000000fe100000| PB 0x00000000fe100000| Complete 
|2018|0x00000000fe200000, 0x00000000fe300000, 0x00000000fe300000|100%| E|CS|TAMS 0x00000000fe200000| PB 0x00000000fe200000| Complete 
|2019|0x00000000fe300000, 0x00000000fe400000, 0x00000000fe400000|100%| E|CS|TAMS 0x00000000fe300000| PB 0x00000000fe300000| Complete 
|2020|0x00000000fe400000, 0x00000000fe500000, 0x00000000fe500000|100%| E|CS|TAMS 0x00000000fe400000| PB 0x00000000fe400000| Complete 
|2021|0x00000000fe500000, 0x00000000fe600000, 0x00000000fe600000|100%| E|CS|TAMS 0x00000000fe500000| PB 0x00000000fe500000| Complete 
|2022|0x00000000fe600000, 0x00000000fe700000, 0x00000000fe700000|100%| E|CS|TAMS 0x00000000fe600000| PB 0x00000000fe600000| Complete 
|2023|0x00000000fe700000, 0x00000000fe800000, 0x00000000fe800000|100%| E|CS|TAMS 0x00000000fe700000| PB 0x00000000fe700000| Complete 
|2024|0x00000000fe800000, 0x00000000fe900000, 0x00000000fe900000|100%| E|CS|TAMS 0x00000000fe800000| PB 0x00000000fe800000| Complete 
|2025|0x00000000fe900000, 0x00000000fea00000, 0x00000000fea00000|100%| E|CS|TAMS 0x00000000fe900000| PB 0x00000000fe900000| Complete 
|2026|0x00000000fea00000, 0x00000000feb00000, 0x00000000feb00000|100%| E|CS|TAMS 0x00000000fea00000| PB 0x00000000fea00000| Complete 
|2027|0x00000000feb00000, 0x00000000fec00000, 0x00000000fec00000|100%| E|CS|TAMS 0x00000000feb00000| PB 0x00000000feb00000| Complete 
|2028|0x00000000fec00000, 0x00000000fed00000, 0x00000000fed00000|100%| E|CS|TAMS 0x00000000fec00000| PB 0x00000000fec00000| Complete 
|2029|0x00000000fed00000, 0x00000000fee00000, 0x00000000fee00000|100%| E|CS|TAMS 0x00000000fed00000| PB 0x00000000fed00000| Complete 
|2030|0x00000000fee00000, 0x00000000fef00000, 0x00000000fef00000|100%| E|CS|TAMS 0x00000000fee00000| PB 0x00000000fee00000| Complete 
|2031|0x00000000fef00000, 0x00000000ff000000, 0x00000000ff000000|100%| O|  |TAMS 0x00000000fef00000| PB 0x00000000fef00000| Untracked 
|2032|0x00000000ff000000, 0x00000000ff100000, 0x00000000ff100000|100%| E|CS|TAMS 0x00000000ff000000| PB 0x00000000ff000000| Complete 
|2033|0x00000000ff100000, 0x00000000ff200000, 0x00000000ff200000|100%| O|  |TAMS 0x00000000ff100000| PB 0x00000000ff100000| Untracked 
|2034|0x00000000ff200000, 0x00000000ff300000, 0x00000000ff300000|100%| O|  |TAMS 0x00000000ff200000| PB 0x00000000ff200000| Untracked 
|2035|0x00000000ff300000, 0x00000000ff400000, 0x00000000ff400000|100%| O|  |TAMS 0x00000000ff300000| PB 0x00000000ff300000| Untracked 
|2036|0x00000000ff400000, 0x00000000ff500000, 0x00000000ff500000|100%| O|  |TAMS 0x00000000ff400000| PB 0x00000000ff400000| Untracked 
|2037|0x00000000ff500000, 0x00000000ff600000, 0x00000000ff600000|100%| O|  |TAMS 0x00000000ff500000| PB 0x00000000ff500000| Untracked 
|2038|0x00000000ff600000, 0x00000000ff700000, 0x00000000ff700000|100%| O|  |TAMS 0x00000000ff600000| PB 0x00000000ff600000| Untracked 
|2039|0x00000000ff700000, 0x00000000ff800000, 0x00000000ff800000|100%| O|  |TAMS 0x00000000ff700000| PB 0x00000000ff700000| Untracked 
|2040|0x00000000ff800000, 0x00000000ff900000, 0x00000000ff900000|100%| O|  |TAMS 0x00000000ff800000| PB 0x00000000ff800000| Untracked 
|2041|0x00000000ff900000, 0x00000000ffa00000, 0x00000000ffa00000|100%| O|  |TAMS 0x00000000ff900000| PB 0x00000000ff900000| Untracked 
|2042|0x00000000ffa00000, 0x00000000ffb00000, 0x00000000ffb00000|100%| O|  |TAMS 0x00000000ffa00000| PB 0x00000000ffa00000| Untracked 
|2043|0x00000000ffb00000, 0x00000000ffc00000, 0x00000000ffc00000|100%| O|  |TAMS 0x00000000ffb00000| PB 0x00000000ffb00000| Untracked 
|2044|0x00000000ffc00000, 0x00000000ffd00000, 0x00000000ffd00000|100%| O|  |TAMS 0x00000000ffc00000| PB 0x00000000ffc00000| Untracked 
|2045|0x00000000ffd00000, 0x00000000ffe00000, 0x00000000ffe00000|100%| O|  |TAMS 0x00000000ffd00000| PB 0x00000000ffd00000| Untracked 
|2046|0x00000000ffe00000, 0x00000000fff00000, 0x00000000fff00000|100%| O|  |TAMS 0x00000000ffe00000| PB 0x00000000ffe00000| Untracked 
|2047|0x00000000fff00000, 0x0000000100000000, 0x0000000100000000|100%| O|  |TAMS 0x00000000fff00000| PB 0x00000000fff00000| Untracked 

Card table byte_map: [0x00000204586c0000,0x0000020458ac0000] _byte_map_base: 0x00000204582c0000

Marking Bits: (CMBitMap*) 0x000002043e42e640
 Bits: [0x0000020458ac0000, 0x000002045aac0000)

Polling page: 0x000002043e4d0000

Metaspace:

Usage:
  Non-class:    210.72 MB used.
      Class:     29.90 MB used.
       Both:    240.62 MB used.

Virtual space:
  Non-class space:      256.00 MB reserved,     212.00 MB ( 83%) committed,  4 nodes.
      Class space:        1.00 GB reserved,      31.25 MB (  3%) committed,  1 nodes.
             Both:        1.25 GB reserved,     243.25 MB ( 19%) committed. 

Chunk freelists:
   Non-Class:  11.12 MB
       Class:  752.00 KB
        Both:  11.86 MB

MaxMetaspaceSize: unlimited
CompressedClassSpaceSize: 1.00 GB
Initial GC threshold: 21.00 MB
Current GC threshold: 404.81 MB
CDS: on
 - commit_granule_bytes: 65536.
 - commit_granule_words: 8192.
 - virtual_space_node_default_size: 8388608.
 - enlarge_chunks_in_place: 1.
 - use_allocation_guard: 0.


Internal statistics:

num_allocs_failed_limit: 12.
num_arena_births: 4822.
num_arena_deaths: 4.
num_vsnodes_births: 5.
num_vsnodes_deaths: 0.
num_space_committed: 3887.
num_space_uncommitted: 0.
num_chunks_returned_to_freelist: 18.
num_chunks_taken_from_freelist: 15291.
num_chunk_merges: 12.
num_chunk_splits: 10489.
num_chunks_enlarged: 7112.
num_inconsistent_stats: 0.

CodeHeap 'non-profiled nmethods': size=119168Kb used=11027Kb max_used=13716Kb free=108140Kb
 bounds [0x00000204505c0000, 0x00000204513a0000, 0x0000020457a20000]
CodeHeap 'profiled nmethods': size=119104Kb used=39798Kb max_used=57291Kb free=79305Kb
 bounds [0x0000020448a20000, 0x000002044c220000, 0x000002044fe70000]
CodeHeap 'non-nmethods': size=7488Kb used=4412Kb max_used=4497Kb free=3075Kb
 bounds [0x000002044fe70000, 0x00000204502f0000, 0x00000204505c0000]
 total_blobs=20038 nmethods=18743 adapters=1192
 compilation: enabled
              stopped_count=0, restarted_count=0
 full_count=0

Compilation events (20 events):
Event: 50.268 Thread 0x000002045daa81b0 34659       2       ksp.org.jetbrains.kotlin.fir.resolve.transformers.FirTypeResolveTransformer::addTypeParametersScope (52 bytes)
Event: 50.269 Thread 0x000002045daa81b0 nmethod 34659 0x000002044bc86490 code [0x000002044bc866c0, 0x000002044bc86bb0]
Event: 50.270 Thread 0x00000204ca36e7c0 34660       1       ksp.org.jetbrains.kotlin.analysis.api.impl.base.components.KaBaseAnalysisScopeProviderImpl::getAnalysisSessionProvider (5 bytes)
Event: 50.271 Thread 0x00000204ca36e7c0 nmethod 34660 0x00000204507c2c90 code [0x00000204507c2e20, 0x00000204507c2ee8]
Event: 50.272 Thread 0x00000204ca370300 34661       2       java.lang.Enum::compareTo (9 bytes)
Event: 50.272 Thread 0x00000204ca370300 nmethod 34661 0x000002044c0cd010 code [0x000002044c0cd1c0, 0x000002044c0cd318]
Event: 50.273 Thread 0x000002045daa81b0 34662       2       java.util.concurrent.CountDownLatch::countDown (10 bytes)
Event: 50.273 Thread 0x000002045daa81b0 nmethod 34662 0x0000020449056010 code [0x00000204490561c0, 0x0000020449056360]
Event: 50.273 Thread 0x00000204ca370300 34663       3       ksp.org.jetbrains.kotlin.analysis.low.level.api.fir.LLFirLazyDeclarationResolver::lazyResolveToPhase (40 bytes)
Event: 50.273 Thread 0x00000204ca36cc80 34664   !   3       ksp.org.jetbrains.kotlin.analysis.low.level.api.fir.lazy.resolve.LLFirModuleLazyDeclarationResolver::lazyResolve (124 bytes)
Event: 50.274 Thread 0x00000204ca36e7c0 34665       2       ksp.org.jetbrains.kotlin.fir.scopes.impl.FirPackageMemberScope::processClassifiersByNameWithSubstitution (155 bytes)
Event: 50.275 Thread 0x00000204ca370300 nmethod 34663 0x00000204492d8310 code [0x00000204492d87a0, 0x00000204492da778]
Event: 50.276 Thread 0x00000204ca36cc80 nmethod 34664 0x0000020449d66810 code [0x0000020449d66d00, 0x0000020449d68c38]
Event: 50.276 Thread 0x00000204ca370300 34666       1       ksp.org.jetbrains.kotlin.fir.declarations.impl.FirValueParameterImpl::getStatus (5 bytes)
Event: 50.277 Thread 0x00000204ca370300 nmethod 34666 0x00000204507c9a90 code [0x00000204507c9c20, 0x00000204507c9ce8]
Event: 50.277 Thread 0x00000204ca36e7c0 nmethod 34665 0x0000020449fbb810 code [0x0000020449fbbbe0, 0x0000020449fbca20]
Event: 50.280 Thread 0x00000204ca370300 34667       1       ksp.org.jetbrains.kotlin.analysis.low.level.api.fir.sessions.LLFirSessionCacheStorage::getSourceCache (5 bytes)
Event: 50.280 Thread 0x00000204ca36cc80 34668       2       ksp.org.jetbrains.kotlin.analysis.low.level.api.fir.api.LLResolutionFacade::getUseSiteFirSession (8 bytes)
Event: 50.281 Thread 0x00000204ca36e7c0 34669       1       ksp.org.jetbrains.kotlin.fir.declarations.impl.FirBackingFieldImpl::getAttributes (5 bytes)
Event: 50.282 Thread 0x000002045daa81b0 34670       2       ksp.org.jetbrains.kotlin.analysis.low.level.api.fir.api.targets.LLFirClassWithAllCallablesResolveTarget::visitMembers (94 bytes)

GC Heap History (20 events):
Event: 46.684 GC heap before
{Heap before GC invocations=66 (full 0):
 garbage-first heap   total 373760K, used 321406K [0x0000000080000000, 0x0000000100000000)
  region size 1024K, 133 young (136192K), 10 survivors (10240K)
 Metaspace       used 227771K, committed 230528K, reserved 1310720K
  class space    used 28612K, committed 30016K, reserved 1048576K
}
Event: 46.689 GC heap after
{Heap after GC invocations=67 (full 0):
 garbage-first heap   total 373760K, used 196500K [0x0000000080000000, 0x0000000100000000)
  region size 1024K, 10 young (10240K), 10 survivors (10240K)
 Metaspace       used 227771K, committed 230528K, reserved 1310720K
  class space    used 28612K, committed 30016K, reserved 1048576K
}
Event: 47.298 GC heap before
{Heap before GC invocations=67 (full 0):
 garbage-first heap   total 373760K, used 342932K [0x0000000080000000, 0x0000000100000000)
  region size 1024K, 153 young (156672K), 10 survivors (10240K)
 Metaspace       used 230985K, committed 233664K, reserved 1310720K
  class space    used 28917K, committed 30272K, reserved 1048576K
}
Event: 47.305 GC heap after
{Heap after GC invocations=68 (full 0):
 garbage-first heap   total 373760K, used 195729K [0x0000000080000000, 0x0000000100000000)
  region size 1024K, 12 young (12288K), 12 survivors (12288K)
 Metaspace       used 230985K, committed 233664K, reserved 1310720K
  class space    used 28917K, committed 30272K, reserved 1048576K
}
Event: 47.857 GC heap before
{Heap before GC invocations=68 (full 0):
 garbage-first heap   total 373760K, used 270481K [0x0000000080000000, 0x0000000100000000)
  region size 1024K, 87 young (89088K), 12 survivors (12288K)
 Metaspace       used 235419K, committed 238208K, reserved 1310720K
  class space    used 29393K, committed 30784K, reserved 1048576K
}
Event: 47.864 GC heap after
{Heap after GC invocations=69 (full 0):
 garbage-first heap   total 373760K, used 199309K [0x0000000080000000, 0x0000000100000000)
  region size 1024K, 12 young (12288K), 12 survivors (12288K)
 Metaspace       used 235419K, committed 238208K, reserved 1310720K
  class space    used 29393K, committed 30784K, reserved 1048576K
}
Event: 48.549 GC heap before
{Heap before GC invocations=70 (full 0):
 garbage-first heap   total 377856K, used 375437K [0x0000000080000000, 0x0000000100000000)
  region size 1024K, 97 young (99328K), 12 survivors (12288K)
 Metaspace       used 240531K, committed 243264K, reserved 1310720K
  class space    used 29969K, committed 31360K, reserved 1048576K
}
Event: 48.563 GC heap after
{Heap after GC invocations=71 (full 0):
 garbage-first heap   total 413696K, used 280566K [0x0000000080000000, 0x0000000100000000)
  region size 1024K, 19 young (19456K), 19 survivors (19456K)
 Metaspace       used 240531K, committed 243264K, reserved 1310720K
  class space    used 29969K, committed 31360K, reserved 1048576K
}
Event: 48.815 GC heap before
{Heap before GC invocations=71 (full 0):
 garbage-first heap   total 413696K, used 412662K [0x0000000080000000, 0x0000000100000000)
  region size 1024K, 105 young (107520K), 19 survivors (19456K)
 Metaspace       used 241077K, committed 243840K, reserved 1310720K
  class space    used 30017K, committed 31424K, reserved 1048576K
}
Event: 48.837 GC heap after
{Heap after GC invocations=72 (full 0):
 garbage-first heap   total 467968K, used 327680K [0x0000000080000000, 0x0000000100000000)
  region size 1024K, 14 young (14336K), 14 survivors (14336K)
 Metaspace       used 241077K, committed 243840K, reserved 1310720K
  class space    used 30017K, committed 31424K, reserved 1048576K
}
Event: 48.888 GC heap before
{Heap before GC invocations=72 (full 0):
 garbage-first heap   total 467968K, used 340992K [0x0000000080000000, 0x0000000100000000)
  region size 1024K, 28 young (28672K), 14 survivors (14336K)
 Metaspace       used 241285K, committed 244032K, reserved 1310720K
  class space    used 30022K, committed 31424K, reserved 1048576K
}
Event: 48.897 GC heap after
{Heap after GC invocations=73 (full 0):
 garbage-first heap   total 467968K, used 336251K [0x0000000080000000, 0x0000000100000000)
  region size 1024K, 7 young (7168K), 7 survivors (7168K)
 Metaspace       used 241285K, committed 244032K, reserved 1310720K
  class space    used 30022K, committed 31424K, reserved 1048576K
}
Event: 49.265 GC heap before
{Heap before GC invocations=74 (full 0):
 garbage-first heap   total 611328K, used 414075K [0x0000000080000000, 0x0000000100000000)
  region size 1024K, 80 young (81920K), 7 survivors (7168K)
 Metaspace       used 242532K, committed 245248K, reserved 1310720K
  class space    used 30148K, committed 31552K, reserved 1048576K
}
Event: 49.282 GC heap after
{Heap after GC invocations=75 (full 0):
 garbage-first heap   total 611328K, used 364226K [0x0000000080000000, 0x0000000100000000)
  region size 1024K, 10 young (10240K), 10 survivors (10240K)
 Metaspace       used 242532K, committed 245248K, reserved 1310720K
  class space    used 30148K, committed 31552K, reserved 1048576K
}
Event: 49.692 GC heap before
{Heap before GC invocations=75 (full 0):
 garbage-first heap   total 611328K, used 510658K [0x0000000080000000, 0x0000000100000000)
  region size 1024K, 153 young (156672K), 10 survivors (10240K)
 Metaspace       used 244698K, committed 247424K, reserved 1310720K
  class space    used 30442K, committed 31808K, reserved 1048576K
}
Event: 49.735 GC heap after
{Heap after GC invocations=76 (full 0):
 garbage-first heap   total 611328K, used 427520K [0x0000000080000000, 0x0000000100000000)
  region size 1024K, 20 young (20480K), 20 survivors (20480K)
 Metaspace       used 244698K, committed 247424K, reserved 1310720K
  class space    used 30442K, committed 31808K, reserved 1048576K
}
Event: 49.881 GC heap before
{Heap before GC invocations=76 (full 0):
 garbage-first heap   total 611328K, used 521728K [0x0000000080000000, 0x0000000100000000)
  region size 1024K, 113 young (115712K), 20 survivors (20480K)
 Metaspace       used 245023K, committed 247808K, reserved 1310720K
  class space    used 30486K, committed 31872K, reserved 1048576K
}
Event: 49.917 GC heap after
{Heap after GC invocations=77 (full 0):
 garbage-first heap   total 611328K, used 477184K [0x0000000080000000, 0x0000000100000000)
  region size 1024K, 15 young (15360K), 15 survivors (15360K)
 Metaspace       used 245023K, committed 247808K, reserved 1310720K
  class space    used 30486K, committed 31872K, reserved 1048576K
}
Event: 50.036 GC heap before
{Heap before GC invocations=77 (full 0):
 garbage-first heap   total 611328K, used 542720K [0x0000000080000000, 0x0000000100000000)
  region size 1024K, 79 young (80896K), 15 survivors (15360K)
 Metaspace       used 245729K, committed 248448K, reserved 1310720K
  class space    used 30590K, committed 31936K, reserved 1048576K
}
Event: 50.059 GC heap after
{Heap after GC invocations=78 (full 0):
 garbage-first heap   total 896000K, used 512512K [0x0000000080000000, 0x0000000100000000)
  region size 1024K, 10 young (10240K), 10 survivors (10240K)
 Metaspace       used 245729K, committed 248448K, reserved 1310720K
  class space    used 30590K, committed 31936K, reserved 1048576K
}

Dll operation events (16 events):
Event: 0.017 Loaded shared library C:\Program Files\Java\jdk-21\bin\java.dll
Event: 0.048 Loaded shared library C:\Program Files\Java\jdk-21\bin\jsvml.dll
Event: 0.086 Loaded shared library C:\Program Files\Java\jdk-21\bin\zip.dll
Event: 0.091 Loaded shared library C:\Program Files\Java\jdk-21\bin\instrument.dll
Event: 0.094 Loaded shared library C:\Program Files\Java\jdk-21\bin\net.dll
Event: 0.096 Loaded shared library C:\Program Files\Java\jdk-21\bin\nio.dll
Event: 0.098 Loaded shared library C:\Program Files\Java\jdk-21\bin\zip.dll
Event: 0.361 Loaded shared library C:\Program Files\Java\jdk-21\bin\jimage.dll
Event: 0.570 Loaded shared library C:\Program Files\Java\jdk-21\bin\verify.dll
Event: 0.607 Loaded shared library C:\Users\Elsobky\.gradle\native\660c5614fbf4a5f2a75b1949f50a0caf5cd603558e7d8a26e50b933a0cfb79d1\windows-amd64\native-platform.dll
Event: 0.623 Loaded shared library C:\Users\Elsobky\.gradle\native\0.2.8\x86_64-windows-gnu\gradle-fileevents.dll
Event: 1.656 Loaded shared library C:\Program Files\Java\jdk-21\bin\management.dll
Event: 1.658 Loaded shared library C:\Program Files\Java\jdk-21\bin\management_ext.dll
Event: 1.799 Loaded shared library C:\Program Files\Java\jdk-21\bin\extnet.dll
Event: 2.039 Loaded shared library C:\Program Files\Java\jdk-21\bin\sunmscapi.dll
Event: 46.226 Loaded shared library C:\Program Files\Java\jdk-21\bin\awt.dll

Deoptimization events (20 events):
Event: 49.924 Thread 0x00000204a9739e70 DEOPT PACKING pc=0x0000020451307294 sp=0x000000a52e4f9fa0
Event: 49.924 Thread 0x00000204a9739e70 DEOPT UNPACKING pc=0x000002044fec46a2 sp=0x000000a52e4f9f78 mode 2
Event: 49.924 Thread 0x00000204a9739e70 DEOPT PACKING pc=0x000002044be84f64 sp=0x000000a52e4fa320
Event: 49.924 Thread 0x00000204a9739e70 DEOPT UNPACKING pc=0x000002044fec4e42 sp=0x000000a52e4f9808 mode 0
Event: 49.949 Thread 0x00000204a9739e70 Uncommon trap: trap_request=0xffffff76 fr.pc=0x000002045126b964 relative=0x0000000000000b24
Event: 49.949 Thread 0x00000204a9739e70 Uncommon trap: reason=predicate action=maybe_recompile pc=0x000002045126b964 method=ksp.com.intellij.util.WalkingState.next(Ljava/lang/Object;Ljava/lang/Object;Z)Ljava/lang/Object; @ 34 c2
Event: 49.949 Thread 0x00000204a9739e70 DEOPT PACKING pc=0x000002045126b964 sp=0x000000a52e4f9480
Event: 49.949 Thread 0x00000204a9739e70 DEOPT UNPACKING pc=0x000002044fec46a2 sp=0x000000a52e4f93f8 mode 2
Event: 49.971 Thread 0x00000204a9739e70 Uncommon trap: trap_request=0xffffffde fr.pc=0x00000204512baf90 relative=0x0000000000000070
Event: 49.971 Thread 0x00000204a9739e70 Uncommon trap: reason=class_check action=maybe_recompile pc=0x00000204512baf90 method=ksp.com.intellij.psi.impl.source.tree.CompositeElement.getFirstChildNode()Lksp/com/intellij/lang/ASTNode; @ 1 c2
Event: 49.971 Thread 0x00000204a9739e70 DEOPT PACKING pc=0x00000204512baf90 sp=0x000000a52e4f86c0
Event: 49.971 Thread 0x00000204a9739e70 DEOPT UNPACKING pc=0x000002044fec46a2 sp=0x000000a52e4f8648 mode 2
Event: 50.101 Thread 0x00000204a9739e70 Uncommon trap: trap_request=0xffffffde fr.pc=0x000002045088c060 relative=0x0000000000000b40
Event: 50.101 Thread 0x00000204a9739e70 Uncommon trap: reason=class_check action=maybe_recompile pc=0x000002045088c060 method=java.util.concurrent.ConcurrentHashMap.replaceNode(Ljava/lang/Object;Ljava/lang/Object;Ljava/lang/Object;)Ljava/lang/Object; @ 178 c2
Event: 50.101 Thread 0x00000204a9739e70 DEOPT PACKING pc=0x000002045088c060 sp=0x000000a52e4fad50
Event: 50.101 Thread 0x00000204a9739e70 DEOPT UNPACKING pc=0x000002044fec46a2 sp=0x000000a52e4facf8 mode 2
Event: 50.253 Thread 0x00000204ca7d3b90 Uncommon trap: trap_request=0xffffff45 fr.pc=0x000002045068458c relative=0x00000000000002cc
Event: 50.253 Thread 0x00000204ca7d3b90 Uncommon trap: reason=unstable_if action=reinterpret pc=0x000002045068458c method=java.util.concurrent.ConcurrentHashMap$Traverser.advance()Ljava/util/concurrent/ConcurrentHashMap$Node; @ 84 c2
Event: 50.253 Thread 0x00000204ca7d3b90 DEOPT PACKING pc=0x000002045068458c sp=0x000000a523ffd360
Event: 50.253 Thread 0x00000204ca7d3b90 DEOPT UNPACKING pc=0x000002044fec46a2 sp=0x000000a523ffd308 mode 2

Classes loaded (20 events):
Event: 46.345 Loading class sun/awt/MostRecentKeyValue
Event: 46.345 Loading class sun/awt/MostRecentKeyValue done
Event: 46.345 Loading class sun/awt/PostEventQueue
Event: 46.345 Loading class sun/awt/PostEventQueue done
Event: 47.341 Loading class sun/awt/AppContext$PostShutdownEventRunnable
Event: 47.341 Loading class sun/awt/AppContext$PostShutdownEventRunnable done
Event: 47.341 Loading class sun/awt/AWTAutoShutdown$1
Event: 47.341 Loading class sun/awt/AWTAutoShutdown$1 done
Event: 47.342 Loading class java/awt/AWTEvent$1
Event: 47.342 Loading class sun/awt/AWTAccessor$AWTEventAccessor
Event: 47.342 Loading class sun/awt/AWTAccessor$AWTEventAccessor done
Event: 47.342 Loading class java/awt/AWTEvent$1 done
Event: 48.090 Loading class java/nio/file/FileTreeIterator
Event: 48.090 Loading class java/nio/file/FileTreeIterator done
Event: 48.507 Loading class java/nio/BufferUnderflowException
Event: 48.507 Loading class java/nio/BufferUnderflowException done
Event: 49.368 Loading class java/util/concurrent/ForkJoinTask$AdaptedCallable
Event: 49.369 Loading class java/util/concurrent/ForkJoinTask$AdaptedCallable done
Event: 49.420 Loading class java/nio/HeapShortBuffer
Event: 49.420 Loading class java/nio/HeapShortBuffer done

Classes unloaded (2 events):
Event: 42.373 Thread 0x000002045da7d5c0 Unloading class 0x0000020460824000 'java/lang/invoke/LambdaForm$DMH+0x0000020460824000'
Event: 45.111 Thread 0x000002045da7d5c0 Unloading class 0x0000020460a88000 'java/lang/invoke/LambdaForm$DMH+0x0000020460a88000'

Classes redefined (0 events):
No events

Internal exceptions (20 events):
Event: 49.092 Thread 0x00000204c9184d10 Exception <a 'sun/nio/fs/WindowsException'{0x000000009ea89728}> (0x000000009ea89728) 
thrown [s\open\src\hotspot\share\prims\jni.cpp, line 520]
Event: 49.093 Thread 0x00000204c9184d10 Exception <a 'sun/nio/fs/WindowsException'{0x000000009ea8ad68}> (0x000000009ea8ad68) 
thrown [s\open\src\hotspot\share\prims\jni.cpp, line 520]
Event: 49.094 Thread 0x00000204c9184d10 Exception <a 'sun/nio/fs/WindowsException'{0x000000009ea8c3c8}> (0x000000009ea8c3c8) 
thrown [s\open\src\hotspot\share\prims\jni.cpp, line 520]
Event: 49.095 Thread 0x00000204c9184d10 Exception <a 'sun/nio/fs/WindowsException'{0x000000009ea8da28}> (0x000000009ea8da28) 
thrown [s\open\src\hotspot\share\prims\jni.cpp, line 520]
Event: 49.096 Thread 0x00000204c9184d10 Exception <a 'sun/nio/fs/WindowsException'{0x000000009ea8f088}> (0x000000009ea8f088) 
thrown [s\open\src\hotspot\share\prims\jni.cpp, line 520]
Event: 49.097 Thread 0x00000204c9184d10 Exception <a 'sun/nio/fs/WindowsException'{0x000000009ea906c8}> (0x000000009ea906c8) 
thrown [s\open\src\hotspot\share\prims\jni.cpp, line 520]
Event: 49.098 Thread 0x00000204c9184d10 Exception <a 'sun/nio/fs/WindowsException'{0x000000009ea91ce8}> (0x000000009ea91ce8) 
thrown [s\open\src\hotspot\share\prims\jni.cpp, line 520]
Event: 49.099 Thread 0x00000204c9184d10 Exception <a 'sun/nio/fs/WindowsException'{0x000000009ea92d68}> (0x000000009ea92d68) 
thrown [s\open\src\hotspot\share\prims\jni.cpp, line 520]
Event: 49.100 Thread 0x00000204c9184d10 Exception <a 'sun/nio/fs/WindowsException'{0x000000009ea950c8}> (0x000000009ea950c8) 
thrown [s\open\src\hotspot\share\prims\jni.cpp, line 520]
Event: 49.101 Thread 0x00000204c9184d10 Exception <a 'sun/nio/fs/WindowsException'{0x000000009ea96148}> (0x000000009ea96148) 
thrown [s\open\src\hotspot\share\prims\jni.cpp, line 520]
Event: 49.233 Thread 0x00000204a9739e70 Exception <a 'java/lang/IncompatibleClassChangeError'{0x000000009cb197c8}: Found class java.lang.Object, but interface was expected> (0x000000009cb197c8) 
thrown [s\open\src\hotspot\share\interpreter\linkResolver.cpp, line 840]
Event: 49.366 Thread 0x00000204a9739e70 Implicit null exception at 0x000002045118fd8a to 0x00000204511900cc
Event: 49.372 Thread 0x00000204c987dee0 Implicit null exception at 0x0000020450d8b555 to 0x0000020450d93130
Event: 49.373 Thread 0x00000204c987dee0 Implicit null exception at 0x0000020450d9e3a3 to 0x0000020450d9eba0
Event: 49.387 Thread 0x00000204bbe51df0 Implicit null exception at 0x00000204509353a8 to 0x0000020450935468
Event: 49.398 Thread 0x00000204c987d1c0 Implicit null exception at 0x000002045085799c to 0x0000020450857a5c
Event: 49.398 Thread 0x00000204cc209f20 Implicit null exception at 0x000002045085799c to 0x0000020450857a5c
Event: 49.401 Thread 0x00000204c987d1c0 Exception <a 'java/lang/NoSuchMethodError'{0x00000000fd7313f0}: 'long java.lang.invoke.DirectMethodHandle$Holder.invokeStatic(java.lang.Object, java.lang.Object, java.lang.Object)'> (0x00000000fd7313f0) 
thrown [s\open\src\hotspot\share\interpreter\linkResolver.cpp, line 773]
Event: 49.401 Thread 0x00000204c987d850 Exception <a 'java/lang/NoSuchMethodError'{0x00000000fd5158f8}: 'long java.lang.invoke.DirectMethodHandle$Holder.invokeStatic(java.lang.Object, java.lang.Object, java.lang.Object)'> (0x00000000fd5158f8) 
thrown [s\open\src\hotspot\share\interpreter\linkResolver.cpp, line 773]
Event: 49.401 Thread 0x00000204c987e570 Exception <a 'java/lang/NoSuchMethodError'{0x00000000fd8b4a70}: 'long java.lang.invoke.DirectMethodHandle$Holder.invokeStatic(java.lang.Object, java.lang.Object, java.lang.Object)'> (0x00000000fd8b4a70) 
thrown [s\open\src\hotspot\share\interpreter\linkResolver.cpp, line 773]

ZGC Phase Switch (0 events):
No events

VM Operations (20 events):
Event: 49.449 Executing VM operation: HandshakeAllThreads (Deoptimize)
Event: 49.449 Executing VM operation: HandshakeAllThreads (Deoptimize) done
Event: 49.548 Executing VM operation: HandshakeAllThreads (Deoptimize)
Event: 49.549 Executing VM operation: HandshakeAllThreads (Deoptimize) done
Event: 49.638 Executing VM operation: ICBufferFull
Event: 49.638 Executing VM operation: ICBufferFull done
Event: 49.691 Executing VM operation: HandshakeAllThreads (Deoptimize)
Event: 49.692 Executing VM operation: HandshakeAllThreads (Deoptimize) done
Event: 49.692 Executing VM operation: G1CollectForAllocation (G1 Evacuation Pause)
Event: 49.735 Executing VM operation: G1CollectForAllocation (G1 Evacuation Pause) done
Event: 49.881 Executing VM operation: G1CollectForAllocation (G1 Evacuation Pause)
Event: 49.917 Executing VM operation: G1CollectForAllocation (G1 Evacuation Pause) done
Event: 49.923 Executing VM operation: HandshakeAllThreads (Deoptimize)
Event: 49.924 Executing VM operation: HandshakeAllThreads (Deoptimize) done
Event: 49.940 Executing VM operation: HandshakeAllThreads (Deoptimize)
Event: 49.941 Executing VM operation: HandshakeAllThreads (Deoptimize) done
Event: 50.036 Executing VM operation: G1CollectForAllocation (G1 Evacuation Pause)
Event: 50.059 Executing VM operation: G1CollectForAllocation (G1 Evacuation Pause) done
Event: 50.182 Executing VM operation: G1PauseRemark
Event: 50.198 Executing VM operation: G1PauseRemark done

Events (20 events):
Event: 50.196 Thread 0x000002045da7d5c0 flushing nmethod 0x000002044b977390
Event: 50.196 Thread 0x000002045da7d5c0 flushing nmethod 0x000002044bdb2790
Event: 50.196 Thread 0x000002045da7d5c0 flushing nmethod 0x000002044be90090
Event: 50.196 Thread 0x000002045da7d5c0 flushing nmethod 0x000002044be90410
Event: 50.196 Thread 0x000002045da7d5c0 flushing nmethod 0x000002044be91110
Event: 50.196 Thread 0x000002045da7d5c0 flushing nmethod 0x000002044be91510
Event: 50.196 Thread 0x000002045da7d5c0 flushing nmethod 0x000002044be91f90
Event: 50.196 Thread 0x000002045da7d5c0 flushing nmethod 0x000002044be92790
Event: 50.196 Thread 0x000002045da7d5c0 flushing nmethod 0x000002044be92e90
Event: 50.196 Thread 0x000002045da7d5c0 flushing nmethod 0x000002044be95310
Event: 50.196 Thread 0x000002045da7d5c0 flushing nmethod 0x0000020449154990
Event: 50.196 Thread 0x000002045da7d5c0 flushing nmethod 0x0000020449fc9710
Event: 50.196 Thread 0x000002045da7d5c0 flushing nmethod 0x000002044a10b210
Event: 50.196 Thread 0x000002045da7d5c0 flushing nmethod 0x000002044a10bc10
Event: 50.196 Thread 0x000002045da7d5c0 flushing nmethod 0x000002044a118110
Event: 50.196 Thread 0x000002045da7d5c0 flushing nmethod 0x000002044b9abd10
Event: 50.196 Thread 0x000002045da7d5c0 flushing nmethod 0x000002044bc1b310
Event: 50.196 Thread 0x000002045da7d5c0 flushing nmethod 0x000002044bc1bd10
Event: 50.196 Thread 0x000002045da7d5c0 flushing nmethod 0x000002044bc62d90
Event: 50.196 Thread 0x000002045da7d5c0 flushing nmethod 0x000002044c0ad390


Dynamic libraries:
0x00007ff7cc620000 - 0x00007ff7cc630000 	C:\Program Files\Java\jdk-21\bin\java.exe
0x00007ffc449c0000 - 0x00007ffc44c27000 	C:\WINDOWS\SYSTEM32\ntdll.dll
0x00007ffc42980000 - 0x00007ffc42a49000 	C:\WINDOWS\System32\KERNEL32.DLL
0x00007ffc41680000 - 0x00007ffc41a74000 	C:\WINDOWS\System32\KERNELBASE.dll
0x00007ffc41530000 - 0x00007ffc4167b000 	C:\WINDOWS\System32\ucrtbase.dll
0x00007ffc0cae0000 - 0x00007ffc0cafb000 	C:\Program Files\Java\jdk-21\bin\VCRUNTIME140.dll
0x00007ffc0cb00000 - 0x00007ffc0cb19000 	C:\Program Files\Java\jdk-21\bin\jli.dll
0x00007ffc44330000 - 0x00007ffc443ec000 	C:\WINDOWS\System32\ADVAPI32.dll
0x00007ffc42b90000 - 0x00007ffc42c39000 	C:\WINDOWS\System32\msvcrt.dll
0x00007ffc42820000 - 0x00007ffc428c7000 	C:\WINDOWS\System32\sechost.dll
0x00007ffc42a70000 - 0x00007ffc42b88000 	C:\WINDOWS\System32\RPCRT4.dll
0x00007ffc43450000 - 0x00007ffc43616000 	C:\WINDOWS\System32\USER32.dll
0x00007ffc41500000 - 0x00007ffc41527000 	C:\WINDOWS\System32\win32u.dll
0x00007ffc266f0000 - 0x00007ffc26983000 	C:\WINDOWS\WinSxS\amd64_microsoft.windows.common-controls_6595b64144ccf1df_6.0.26100.7961_none_3e0cb60ee3306d2c\COMCTL32.dll
0x00007ffc427e0000 - 0x00007ffc4280b000 	C:\WINDOWS\System32\GDI32.dll
0x00007ffc41290000 - 0x00007ffc413ba000 	C:\WINDOWS\System32\gdi32full.dll
0x00007ffc41450000 - 0x00007ffc414f3000 	C:\WINDOWS\System32\msvcp_win.dll
0x00007ffc3aeb0000 - 0x00007ffc3aebb000 	C:\WINDOWS\SYSTEM32\VERSION.dll
0x00007ffc427a0000 - 0x00007ffc427d2000 	C:\WINDOWS\System32\IMM32.DLL
0x00007ffc2d320000 - 0x00007ffc2d32c000 	C:\Program Files\Java\jdk-21\bin\vcruntime140_1.dll
0x00007ffbde200000 - 0x00007ffbde28e000 	C:\Program Files\Java\jdk-21\bin\msvcp140.dll
0x00007ffb77d50000 - 0x00007ffb78a6d000 	C:\Program Files\Java\jdk-21\bin\server\jvm.dll
0x00007ffc43330000 - 0x00007ffc433af000 	C:\WINDOWS\System32\WS2_32.dll
0x00007ffc410f0000 - 0x00007ffc4114e000 	C:\WINDOWS\SYSTEM32\POWRPROF.dll
0x00007ffc3ae70000 - 0x00007ffc3aea6000 	C:\WINDOWS\SYSTEM32\WINMM.dll
0x00007ffc410d0000 - 0x00007ffc410e4000 	C:\WINDOWS\SYSTEM32\UMPDC.dll
0x00007ffc40010000 - 0x00007ffc4002b000 	C:\WINDOWS\SYSTEM32\kernel.appcore.dll
0x00007ffc2a6c0000 - 0x00007ffc2a6ca000 	C:\Program Files\Java\jdk-21\bin\jimage.dll
0x00007ffc3f210000 - 0x00007ffc3f452000 	C:\WINDOWS\SYSTEM32\DBGHELP.DLL
0x00007ffc42c40000 - 0x00007ffc42fc2000 	C:\WINDOWS\System32\combase.dll
0x00007ffc43250000 - 0x00007ffc43327000 	C:\WINDOWS\System32\OLEAUT32.dll
0x00007ffc23ee0000 - 0x00007ffc23f1b000 	C:\WINDOWS\SYSTEM32\dbgcore.DLL
0x00007ffc41a80000 - 0x00007ffc41b25000 	C:\WINDOWS\System32\bcryptPrimitives.dll
0x00007ffc014b0000 - 0x00007ffc014bf000 	C:\Program Files\Java\jdk-21\bin\instrument.dll
0x00007ffc00040000 - 0x00007ffc0005f000 	C:\Program Files\Java\jdk-21\bin\java.dll
0x00007ffc43ac0000 - 0x00007ffc44226000 	C:\WINDOWS\System32\SHELL32.dll
0x00007ffc41b30000 - 0x00007ffc41c9a000 	C:\WINDOWS\System32\wintypes.dll
0x00007ffc41ca0000 - 0x00007ffc42504000 	C:\WINDOWS\System32\windows.storage.dll
0x00007ffc44810000 - 0x00007ffc44909000 	C:\WINDOWS\System32\SHCORE.dll
0x00007ffc44910000 - 0x00007ffc44977000 	C:\WINDOWS\System32\shlwapi.dll
0x00007ffc411b0000 - 0x00007ffc411d9000 	C:\WINDOWS\SYSTEM32\profapi.dll
0x00007ffb89fa0000 - 0x00007ffb8a077000 	C:\Program Files\Java\jdk-21\bin\jsvml.dll
0x00007ffbff1f0000 - 0x00007ffbff208000 	C:\Program Files\Java\jdk-21\bin\zip.dll
0x00007ffc05640000 - 0x00007ffc05650000 	C:\Program Files\Java\jdk-21\bin\net.dll
0x00007ffc3a070000 - 0x00007ffc3a19d000 	C:\WINDOWS\SYSTEM32\WINHTTP.dll
0x00007ffc40580000 - 0x00007ffc405ec000 	C:\WINDOWS\system32\mswsock.dll
0x00007ffbff4d0000 - 0x00007ffbff4e6000 	C:\Program Files\Java\jdk-21\bin\nio.dll
0x00007ffc01560000 - 0x00007ffc01570000 	C:\Program Files\Java\jdk-21\bin\verify.dll
0x00007ffc32380000 - 0x00007ffc323a7000 	C:\Users\Elsobky\.gradle\native\660c5614fbf4a5f2a75b1949f50a0caf5cd603558e7d8a26e50b933a0cfb79d1\windows-amd64\native-platform.dll
0x00007ffbff380000 - 0x00007ffbff3f7000 	C:\Users\Elsobky\.gradle\native\0.2.8\x86_64-windows-gnu\gradle-fileevents.dll
0x00007ffc05550000 - 0x00007ffc0555a000 	C:\Program Files\Java\jdk-21\bin\management.dll
0x00007ffc04b50000 - 0x00007ffc04b5b000 	C:\Program Files\Java\jdk-21\bin\management_ext.dll
0x00007ffc445e0000 - 0x00007ffc445e8000 	C:\WINDOWS\System32\PSAPI.DLL
0x00007ffc3f9c0000 - 0x00007ffc3f9f3000 	C:\WINDOWS\SYSTEM32\IPHLPAPI.DLL
0x00007ffc43ab0000 - 0x00007ffc43aba000 	C:\WINDOWS\System32\NSI.dll
0x00007ffc017e0000 - 0x00007ffc017e9000 	C:\Program Files\Java\jdk-21\bin\extnet.dll
0x00007ffc40860000 - 0x00007ffc4087b000 	C:\WINDOWS\SYSTEM32\CRYPTSP.dll
0x00007ffc3ff70000 - 0x00007ffc3ffa9000 	C:\WINDOWS\system32\rsaenh.dll
0x00007ffc40630000 - 0x00007ffc40662000 	C:\WINDOWS\SYSTEM32\USERENV.dll
0x00007ffc41180000 - 0x00007ffc411aa000 	C:\WINDOWS\SYSTEM32\bcrypt.dll
0x00007ffc40880000 - 0x00007ffc4088c000 	C:\WINDOWS\SYSTEM32\CRYPTBASE.dll
0x00007ffc01370000 - 0x00007ffc0137e000 	C:\Program Files\Java\jdk-21\bin\sunmscapi.dll
0x00007ffc425d0000 - 0x00007ffc42747000 	C:\WINDOWS\System32\CRYPT32.dll
0x00007ffc40a80000 - 0x00007ffc40ab0000 	C:\WINDOWS\SYSTEM32\ncrypt.dll
0x00007ffc40a30000 - 0x00007ffc40a6f000 	C:\WINDOWS\SYSTEM32\NTASN1.dll
0x00007ffc02d20000 - 0x00007ffc02d28000 	C:\WINDOWS\system32\wshunix.dll
0x00007ffc40130000 - 0x00007ffc40166000 	C:\WINDOWS\SYSTEM32\ntmarta.dll
0x00007ffc3fa60000 - 0x00007ffc3fb92000 	C:\WINDOWS\SYSTEM32\DNSAPI.dll
0x00007ffc36530000 - 0x00007ffc3653b000 	C:\Windows\System32\rasadhlp.dll
0x00007ffc38780000 - 0x00007ffc38806000 	C:\WINDOWS\System32\fwpuclnt.dll
0x00007ffb832e0000 - 0x00007ffb8346f000 	C:\Program Files\Java\jdk-21\bin\awt.dll
0x00007ffc3e500000 - 0x00007ffc3e59f000 	C:\WINDOWS\SYSTEM32\apphelp.dll
0x00007ffc3e910000 - 0x00007ffc3e9b9000 	C:\WINDOWS\system32\uxtheme.dll
0x00007ffc445f0000 - 0x00007ffc4474c000 	C:\WINDOWS\System32\MSCTF.dll
0x00007ffc43050000 - 0x00007ffc431e6000 	C:\WINDOWS\System32\ole32.dll

dbghelp: loaded successfully - version: 4.0.5 - missing functions: none
symbol engine: initialized successfully - sym options: 0x614 - pdb path: .;C:\Program Files\Java\jdk-21\bin;C:\WINDOWS\SYSTEM32;C:\WINDOWS\WinSxS\amd64_microsoft.windows.common-controls_6595b64144ccf1df_6.0.26100.7961_none_3e0cb60ee3306d2c;C:\Program Files\Java\jdk-21\bin\server;C:\Users\Elsobky\.gradle\native\660c5614fbf4a5f2a75b1949f50a0caf5cd603558e7d8a26e50b933a0cfb79d1\windows-amd64;C:\Users\Elsobky\.gradle\native\0.2.8\x86_64-windows-gnu

VM Arguments:
jvm_args: --add-opens=java.base/java.lang=ALL-UNNAMED --add-opens=java.base/java.lang.invoke=ALL-UNNAMED --add-opens=java.base/java.util=ALL-UNNAMED --add-opens=java.prefs/java.util.prefs=ALL-UNNAMED --add-exports=jdk.compiler/com.sun.tools.javac.api=ALL-UNNAMED --add-exports=jdk.compiler/com.sun.tools.javac.util=ALL-UNNAMED --add-opens=java.base/java.util=ALL-UNNAMED --add-opens=java.prefs/java.util.prefs=ALL-UNNAMED --add-opens=java.base/java.nio.charset=ALL-UNNAMED --add-opens=java.base/java.net=ALL-UNNAMED --add-opens=java.base/java.util.concurrent=ALL-UNNAMED --add-opens=java.base/java.util.concurrent.atomic=ALL-UNNAMED --add-opens=java.xml/javax.xml.namespace=ALL-UNNAMED --add-opens=java.base/java.time=ALL-UNNAMED -Xmx2048m -Dfile.encoding=UTF-8 -Duser.country=US -Duser.language=en -Duser.variant -javaagent:C:\Users\Elsobky\.gradle\wrapper\dists\gradle-9.2.1-bin\2t0n5ozlw9xmuyvbp7dnzaxug\gradle-9.2.1\lib\agents\gradle-instrumentation-agent-9.2.1.jar 
java_command: org.gradle.launcher.daemon.bootstrap.GradleDaemon 9.2.1
java_class_path (initial): C:\Users\Elsobky\.gradle\wrapper\dists\gradle-9.2.1-bin\2t0n5ozlw9xmuyvbp7dnzaxug\gradle-9.2.1\lib\gradle-daemon-main-9.2.1.jar
Launcher Type: SUN_STANDARD

[Global flags]
     intx CICompilerCount                          = 12                                        {product} {ergonomic}
     uint ConcGCThreads                            = 3                                         {product} {ergonomic}
     uint G1ConcRefinementThreads                  = 13                                        {product} {ergonomic}
   size_t G1HeapRegionSize                         = 1048576                                   {product} {ergonomic}
    uintx GCDrainStackTargetSize                   = 64                                        {product} {ergonomic}
   size_t InitialHeapSize                          = 257949696                                 {product} {ergonomic}
   size_t MarkStackSize                            = 4194304                                   {product} {ergonomic}
   size_t MaxHeapSize                              = 2147483648                                {product} {command line}
   size_t MaxNewSize                               = 1287651328                                {product} {ergonomic}
   size_t MinHeapDeltaBytes                        = 1048576                                   {product} {ergonomic}
   size_t MinHeapSize                              = 8388608                                   {product} {ergonomic}
    uintx NonNMethodCodeHeapSize                   = 7602480                                {pd product} {ergonomic}
    uintx NonProfiledCodeHeapSize                  = 122027880                              {pd product} {ergonomic}
    uintx ProfiledCodeHeapSize                     = 122027880                              {pd product} {ergonomic}
    uintx ReservedCodeCacheSize                    = 251658240                              {pd product} {ergonomic}
     bool SegmentedCodeCache                       = true                                      {product} {ergonomic}
   size_t SoftMaxHeapSize                          = 2147483648                             {manageable} {ergonomic}
     bool UseCompressedOops                        = true                           {product lp64_product} {ergonomic}
     bool UseG1GC                                  = true                                      {product} {ergonomic}
     bool UseLargePagesIndividualAllocation        = false                                  {pd product} {ergonomic}

Logging:
Log output configuration:
 #0: stdout all=warning uptime,level,tags foldmultilines=false
 #1: stderr all=off uptime,level,tags foldmultilines=false

Environment Variables:
JAVA_HOME=C:\Program Files\Java\jdk-21
PATH=C:\Program Files\Common Files\Oracle\Java\javapath;C:\Program Files (x86)\Common Files\Oracle\Java\javapath;C:\Program Files\Eclipse Foundation\jdk-8.0.302.8-hotspot\bin;C:\Windows\system32;C:\Windows;C:\Windows\System32\Wbem;C:\Windows\System32\WindowsPowerShell\v1.0\;C:\Windows\System32\OpenSSH\;C:\WINDOWS\system32;C:\WINDOWS;C:\WINDOWS\System32\Wbem;C:\WINDOWS\System32\WindowsPowerShell\v1.0\;C:\WINDOWS\System32\OpenSSH\;C:\MinGW\bin;C:\Program Files\dotnet\;C:\ProgramData\chocolatey\bin;C:\Program Files (x86)\Microsoft SQL Server\150\DTS\Binn\;C:\Program Files\Microsoft SQL Server\Client SDK\ODBC\130\Tools\Binn\;C:\Program Files (x86)\Microsoft SQL Server\140\Tools\Binn\;C:\Program Files\Microsoft SQL Server\140\Tools\Binn\;C:\Program Files\Microsoft SQL Server\140\DTS\Binn\;C:\Program Files (x86)\NVIDIA Corporation\PhysX\Common;C:\Program Files\nodejs\;C:\Program Files\playit_gg\bin\;C:\Program Files\NVIDIA Corporation\NVIDIA app\NvDLISR;c:\Users\Elsobky\AppData\Local\Programs\cursor\resources\app\bin;C:\WINDOWS\system32;C:\WINDOWS;C:\WINDOWS\System32\Wbem;C:\WINDOWS\System32\WindowsPowerShell\v1.0\;C:\WINDOWS\System32\OpenSSH\;C:\Program Files\Git\cmd;C:\platform-tools;C:\Program Files (x86)\Windows Kits\10\Windows Performance Toolkit\;C:\Program Files\Cloudflare\Cloudflare WARP\;C:\Users\Elsobky\AppData\Local\Programs\Python\Python313\Scripts\;C:\Users\Elsobky\AppData\Local\Programs\Python\Python313\;C:\Users\Elsobky\AppData\Local\Programs\Python\Python310\Scripts\;C:\Users\Elsobky\AppData\Local\Programs\Python\Python310\;C:\Program Files\aircrack-ng-1.6-win\aircrack-ng-1.6-win\bin;C:\MinGW\bin;C:\Users\Elsobky\AppData\Local\Microsoft\WindowsApps;C:\Users\Elsobky\AppData\Local\Programs\Microsoft VS Code\bin;C:\src\flutter\bin;C:\Users\Elsobky\.dotnet\tools;C:\tools\dart-sdk\bin;C:\Users\Elsobky\AppData\Roaming\Pub\Cache\bin;C:\Users\Elsobky\AppData\Local\GitHubDesktop\bin;C:\Users\Elsobky\AppData\Roaming\npm;C:\Program Files (x86)\Nmap;C:\ffmpeg\ffmpeg-2024-11-18-git-970d57988d-full_build\bin;C:\Users\Elsobky\AppData\Local\Programs\Ollama;C:\Users\Elsobky\.lmstudio\bin;C:\Users\Elsobky\AppData\Local\Programs\cursor\resources\app\bin;C:\Users\Elsobky\AppData\Local\spicetify;C:\Users\Elsobky\AppData\Local\JetBrains\Toolbox\scripts;C:\Users\Elsobky\AppData\Local\PowerToys\DSCModules\;%USERPROFILE%\AppData\Local\Microsoft\WindowsApps;
USERNAME=Elsobky
TERM=dumb
OS=Windows_NT
PROCESSOR_IDENTIFIER=AMD64 Family 23 Model 96 Stepping 1, AuthenticAMD
TMP=C:\Users\Elsobky\AppData\Local\Temp
TEMP=C:\Users\Elsobky\AppData\Local\Temp




Periodic native trim disabled

---------------  S Y S T E M  ---------------

OS:
 Windows 11 , 64 bit Build 26100 (10.0.26100.7961)
OS uptime: 3 days 3:41 hours
Hyper-V role detected

CPU: total 16 (initial active 16) (16 cores per cpu, 2 threads per core) family 23 model 96 stepping 1 microcode 0x8600104, cx8, cmov, fxsr, ht, mmx, 3dnowpref, sse, sse2, sse3, ssse3, sse4a, sse4.1, sse4.2, popcnt, lzcnt, tsc, tscinvbit, avx, avx2, aes, clmul, bmi1, bmi2, adx, sha, fma, vzeroupper, clflush, clflushopt, hv, rdtscp, rdpid, f16c
Processor Information for all 16 processors :
  Max Mhz: 2900, Current Mhz: 2900, Mhz Limit: 2900

Memory: 4k page, system-wide physical 15741M (773M free)
TotalPageFile size 23933M (AvailPageFile size 14M)
current process WorkingSet (physical memory assigned to process): 1287M, peak: 1287M
current process commit charge ("private bytes"): 1597M, peak: 1598M

vm_info: Java HotSpot(TM) 64-Bit Server VM (21.0.8+12-LTS-250) for windows-amd64 JRE (21.0.8+12-LTS-250), built on 2025-06-27T08:11:22Z by "mach5one" with MS VC++ 17.6 (VS2022)

END.
